idstd,FY2009_SPC_NTL,FY2013_SPC_NTL,increase_NTL
531201.0,59.0,63.0,0.005481408453332115
531202.0,48.456614,52.824141,0.007217543584727704
531203.0,19.912656,25.041687,0.01928241725890989
531204.0,54.623237,59.364413,0.006960408555558795
531205.0,59.0,63.0,0.005481408453332115
531206.0,59.0,63.0,0.005481408453332115
531207.0,59.0,63.0,0.005481408453332115
531208.0,59.0,63.0,0.005481408453332115
531209.0,48.456614,52.824141,0.007217543584727704
531210.0,59.0,63.0,0.005481408453332115
531211.0,58.975407,63.0,0.005516342618610892
531212.0,57.931248,62.432602,0.006255373536871112
531213.0,59.0,63.0,0.005481408453332115
531214.0,59.0,63.0,0.005481408453332115
531215.0,58.975407,63.0,0.005516342618610892
531216.0,58.989532,63.0,0.005496276237293873
531217.0,59.0,62.899646,0.0053478399014197375
531218.0,58.631852,63.0,0.006006016556875826
531219.0,59.0,63.0,0.005481408453332115
531220.0,56.148669,61.422559,0.007509237431469584
531221.0,59.0,62.961292,0.005429912237974621
531222.0,59.0,63.0,0.005481408453332115
531223.0,59.0,63.0,0.005481408453332115
531224.0,58.631852,63.0,0.006006016556875826
531225.0,57.944044,57.468192,-0.0006869451212507816
531226.0,59.0,63.0,0.005481408453332115
531227.0,59.0,63.0,0.005481408453332115
531228.0,59.0,63.0,0.005481408453332115
531229.0,59.0,63.0,0.005481408453332115
531230.0,52.62221,61.161151,0.012610004517131568
531231.0,59.0,63.0,0.005481408453332115
531232.0,56.103382,56.657669,0.0008196071533133065
531233.0,59.0,63.0,0.005481408453332115
531234.0,58.049504,62.649111,0.006374676273710245
531235.0,59.0,62.899646,0.0053478399014197375
531236.0,57.723817,62.56236,0.006730377711482438
531237.0,48.321415,56.059099,0.012454556342864631
531238.0,59.0,63.0,0.005481408453332115
531239.0,59.0,63.0,0.005481408453332115
531240.0,52.62221,61.161151,0.012610004517131568
531241.0,59.0,63.0,0.005481408453332115
531242.0,54.623237,59.364413,0.006960408555558795
531243.0,59.0,63.0,0.005481408453332115
531244.0,59.0,63.0,0.005481408453332115
531245.0,50.965055,45.361613,-0.009659212464655065
531246.0,48.321415,56.059099,0.012454556342864631
531247.0,59.0,63.0,0.005481408453332115
531248.0,59.0,63.0,0.005481408453332115
531249.0,59.0,62.961292,0.005429912237974621
531250.0,59.0,63.0,0.005481408453332115
531251.0,59.0,63.0,0.005481408453332115
531252.0,59.0,63.0,0.005481408453332115
531253.0,59.0,63.0,0.005481408453332115
531254.0,58.703434,62.980721,0.005878078309241586
531255.0,59.0,63.0,0.005481408453332115
531256.0,57.409973,63.0,0.007773112703236551
531257.0,57.944044,57.468192,-0.0006869451212507816
531258.0,59.0,63.0,0.005481408453332115
531259.0,58.80562,63.0,0.005757955149363392
531260.0,59.0,63.0,0.005481408453332115
531261.0,59.0,62.961292,0.005429912237974621
531262.0,59.0,63.0,0.005481408453332115
531263.0,52.08839,56.855963,0.007324948941091813
531264.0,59.0,63.0,0.005481408453332115
531265.0,34.534977,38.126365,0.008278529153250558
531266.0,56.103382,56.657669,0.0008196071533133065
531267.0,59.0,63.0,0.005481408453332115
531268.0,59.0,63.0,0.005481408453332115
531269.0,56.148669,61.422559,0.007509237431469584
531270.0,59.0,63.0,0.005481408453332115
531271.0,59.0,63.0,0.005481408453332115
531272.0,59.0,63.0,0.005481408453332115
531273.0,59.0,63.0,0.005481408453332115
531274.0,59.0,63.0,0.005481408453332115
531275.0,19.912656,25.041687,0.01928241725890989
531276.0,58.982108,62.512317,0.004855873864967553
531277.0,56.666072,62.036136,0.007573652763636085
531278.0,59.0,63.0,0.005481408453332115
531279.0,59.0,63.0,0.005481408453332115
531280.0,59.0,63.0,0.005481408453332115
531281.0,56.82486,63.0,0.008633793073221208
531282.0,59.0,63.0,0.005481408453332115
531283.0,56.82486,63.0,0.008633793073221208
531284.0,59.0,63.0,0.005481408453332115
531285.0,48.456614,52.824141,0.007217543584727704
531286.0,59.0,63.0,0.005481408453332115
531287.0,59.0,63.0,0.005481408453332115
531288.0,59.0,63.0,0.005481408453332115
531289.0,58.801622,62.547348,0.005159464295100724
531290.0,59.0,63.0,0.005481408453332115
531291.0,56.82486,63.0,0.008633793073221208
531292.0,58.166221,62.240401,0.005657571583478793
531293.0,58.166221,62.240401,0.005657571583478793
531294.0,58.868937,62.936304,0.005582993910095313
531295.0,53.924543,56.876739,0.004451607021654258
531296.0,58.830631,62.905386,0.005596362571681279
531297.0,58.584186,62.493514,0.005397680156051576
531298.0,59.0,62.069265,0.004235067239349188
531299.0,59.0,63.0,0.005481408453332115
531300.0,58.950742,61.969384,0.004170191381927202
531301.0,45.666204,53.376124,0.013085291517699327
531302.0,,,
531303.0,53.781217,54.223695,0.0006830423521262396
531304.0,58.830631,62.905386,0.005596362571681279
531305.0,59.0,63.0,0.005481408453332115
531306.0,58.584186,62.493514,0.005397680156051576
531307.0,56.564971,62.743756,0.008676521389343828
531308.0,58.665927,62.975527,0.00592473994279219
531309.0,53.726028,51.926395,-0.002835168443371172
531310.0,59.0,63.0,0.005481408453332115
531311.0,45.666204,53.376124,0.013085291517699327
531312.0,53.924543,56.876739,0.004451607021654258
531313.0,51.045366,58.292789,0.011125064280070207
531314.0,56.799403,61.967874,0.007283922508613205
531315.0,37.559729,56.167029,0.034101695446688174
531316.0,45.666204,53.376124,0.013085291517699327
531317.0,43.583904,49.470684,0.010613624438140956
531318.0,21.004829,26.669896,0.020097886229887063
531319.0,35.410569,32.445468,-0.00726097436642581
531320.0,53.726028,51.926395,-0.002835168443371172
531321.0,58.950742,61.969384,0.004170191381927202
531322.0,59.0,63.0,0.005481408453332115
531323.0,52.08839,56.855963,0.007324948941091813
531324.0,52.08839,56.855963,0.007324948941091813
531325.0,44.226077,34.326261,-0.020895589550427918
531326.0,31.698909,32.523254,0.002141713305827242
531327.0,59.0,63.0,0.005481408453332115
531328.0,48.321415,56.059099,0.012454556342864631
531329.0,57.944044,57.468192,-0.0006869451212507816
531330.0,48.321415,56.059099,0.012454556342864631
531331.0,59.0,63.0,0.005481408453332115
531332.0,57.944044,57.468192,-0.0006869451212507816
531333.0,58.302113,62.748699,0.006143754955241221
531334.0,44.226077,34.326261,-0.020895589550427918
531335.0,58.61545,62.931379,0.005938110830059573
531336.0,59.0,63.0,0.005481408453332115
531337.0,59.0,63.0,0.005481408453332115
531338.0,57.944044,57.468192,-0.0006869451212507816
531339.0,59.0,63.0,0.005481408453332115
531340.0,50.965055,45.361613,-0.009659212464655065
531341.0,56.82486,63.0,0.008633793073221208
531342.0,50.965055,45.361613,-0.009659212464655065
531343.0,59.0,63.0,0.005481408453332115
531344.0,59.0,63.0,0.005481408453332115
531345.0,56.103382,56.657669,0.0008196071533133065
531346.0,59.0,63.0,0.005481408453332115
531347.0,36.071706,35.332999,-0.00172280156943605
531348.0,31.936733,42.775046,0.024648715156841305
531349.0,11.351574,22.051421,0.05689467069526799
531350.0,57.944044,57.468192,-0.0006869451212507816
531351.0,31.936733,42.775046,0.024648715156841305
531352.0,59.0,62.639101,0.005000147206507988
531353.0,50.965055,45.361613,-0.009659212464655065
531354.0,44.226077,34.326261,-0.020895589550427918
531355.0,50.965055,45.361613,-0.009659212464655065
531356.0,50.965055,45.361613,-0.009659212464655065
531357.0,50.965055,45.361613,-0.009659212464655065
531358.0,59.0,63.0,0.005481408453332115
531359.0,19.912656,25.041687,0.01928241725890989
531360.0,59.0,63.0,0.005481408453332115
531361.0,59.0,63.0,0.005481408453332115
531362.0,59.0,62.508944,0.00482595815568021
531363.0,59.0,63.0,0.005481408453332115
531364.0,55.623506,60.320795,0.006778791165383602
531365.0,58.80562,63.0,0.005757955149363392
531366.0,57.944044,57.468192,-0.0006869451212507816
531367.0,59.0,63.0,0.005481408453332115
531368.0,59.0,63.0,0.005481408453332115
531369.0,59.0,63.0,0.005481408453332115
531370.0,59.0,63.0,0.005481408453332115
531371.0,57.944044,57.468192,-0.0006869451212507816
531372.0,57.944044,57.468192,-0.0006869451212507816
531373.0,59.0,63.0,0.005481408453332115
531374.0,59.0,63.0,0.005481408453332115
531375.0,59.0,63.0,0.005481408453332115
531376.0,59.0,63.0,0.005481408453332115
531377.0,19.912656,25.041687,0.01928241725890989
531378.0,59.0,62.961292,0.005429912237974621
531379.0,59.0,63.0,0.005481408453332115
531380.0,54.685532,61.697012,0.010103728491472452
531381.0,59.0,63.0,0.005481408453332115
531382.0,59.0,63.0,0.005481408453332115
531383.0,1.481612,3.084013,0.06299643846434999
531384.0,31.617276,43.261538,0.02647440647321142
531385.0,54.623237,59.364413,0.006960408555558795
531386.0,59.0,63.0,0.005481408453332115
531387.0,59.0,63.0,0.005481408453332115
531388.0,58.703434,62.980721,0.005878078309241586
531389.0,59.0,63.0,0.005481408453332115
531390.0,1e-05,1e-05,0.0
531391.0,58.374055,60.114786,0.0024516927584719017
531392.0,29.915388,33.376306,0.009164510153571337
531393.0,59.0,63.0,0.005481408453332115
531394.0,59.0,63.0,0.005481408453332115
531395.0,58.703434,62.980721,0.005878078309241586
531396.0,52.08839,56.855963,0.007324948941091813
531397.0,59.0,63.0,0.005481408453332115
531398.0,59.0,63.0,0.005481408453332115
531399.0,59.0,63.0,0.005481408453332115
531400.0,59.0,63.0,0.005481408453332115
531401.0,59.0,63.0,0.005481408453332115
531402.0,57.944044,57.468192,-0.0006869451212507816
531403.0,59.0,63.0,0.005481408453332115
531404.0,50.965055,45.361613,-0.009659212464655065
531405.0,59.0,63.0,0.005481408453332115
531406.0,59.0,63.0,0.005481408453332115
531407.0,59.0,63.0,0.005481408453332115
531408.0,58.374055,60.114786,0.0024516927584719017
531409.0,50.965055,45.361613,-0.009659212464655065
531410.0,58.374055,60.114786,0.0024516927584719017
531411.0,59.0,63.0,0.005481408453332115
531412.0,56.103382,56.657669,0.0008196071533133065
531413.0,59.0,62.639101,0.005000147206507988
531414.0,59.0,63.0,0.005481408453332115
531415.0,59.0,63.0,0.005481408453332115
531416.0,17.521887,28.602413,0.04168197628136072
531417.0,56.303932,59.631329,0.004796191538501082
531418.0,51.720186,60.225679,0.01276838456970042
531419.0,59.0,62.63521,0.0049949446960846355
531420.0,59.0,63.0,0.005481408453332115
531421.0,19.683079,25.70777,0.02250227003612415
531422.0,59.0,63.0,0.005481408453332115
531423.0,59.0,63.0,0.005481408453332115
531424.0,18.620934,14.87799,-0.018526525405778482
531425.0,50.965055,45.361613,-0.009659212464655065
531426.0,58.247815,61.766595,0.004899974413231645
531427.0,1e-05,1e-05,0.0
531428.0,59.0,62.873574,0.005313106783519483
531429.0,59.0,63.0,0.005481408453332115
531430.0,59.0,63.0,0.005481408453332115
531431.0,44.226077,34.326261,-0.020895589550427918
531432.0,59.0,63.0,0.005481408453332115
531433.0,59.0,63.0,0.005481408453332115
531434.0,50.965055,45.361613,-0.009659212464655065
531435.0,59.0,63.0,0.005481408453332115
531436.0,59.0,63.0,0.005481408453332115
531437.0,50.965055,45.361613,-0.009659212464655065
531438.0,59.0,63.0,0.005481408453332115
531439.0,59.0,63.0,0.005481408453332115
531440.0,59.0,63.0,0.005481408453332115
531441.0,44.226077,34.326261,-0.020895589550427918
531442.0,59.0,63.0,0.005481408453332115
531443.0,59.0,62.899646,0.0053478399014197375
531444.0,50.965055,45.361613,-0.009659212464655065
531445.0,50.965055,45.361613,-0.009659212464655065
531446.0,36.523713,40.042284,0.0076939705500749245
531447.0,59.0,63.0,0.005481408453332115
531448.0,59.0,63.0,0.005481408453332115
531449.0,54.624015,61.270037,0.009614029814372982
531450.0,59.0,62.63521,0.0049949446960846355
531451.0,57.379751,63.0,0.00781733499493753
531452.0,54.624015,61.270037,0.009614029814372982
531453.0,29.915388,33.376306,0.009164510153571337
531454.0,59.0,63.0,0.005481408453332115
531455.0,59.0,63.0,0.005481408453332115
531456.0,36.523713,40.042284,0.0076939705500749245
531457.0,59.0,63.0,0.005481408453332115
531458.0,48.321415,56.059099,0.012454556342864631
531459.0,56.731326,62.17925,0.007670501879293745
531460.0,54.624015,61.270037,0.009614029814372982
531461.0,50.965055,45.361613,-0.009659212464655065
531462.0,58.982108,62.512317,0.004855873864967553
531463.0,59.0,63.0,0.005481408453332115
531464.0,39.99441,56.850722,0.029741124781511585
531465.0,59.0,63.0,0.005481408453332115
531466.0,50.965055,45.361613,-0.009659212464655065
531467.0,58.61545,62.931379,0.005938110830059573
531468.0,58.982108,62.512317,0.004855873864967553
531469.0,34.997869,43.263436,0.01782539850659992
531470.0,57.963187,62.487252,0.006282524939989154
531471.0,0.641539,1.733312,0.0863534303840876
531472.0,15.440401,16.787167,0.006993273670795164
531473.0,1e-05,1e-05,0.0
531474.0,59.0,63.0,0.005481408453332115
531475.0,59.0,63.0,0.005481408453332115
531476.0,56.103382,56.657669,0.0008196071533133065
531477.0,57.723817,62.56236,0.006730377711482438
531478.0,59.0,63.0,0.005481408453332115
531479.0,59.0,63.0,0.005481408453332115
531480.0,57.07476,62.207403,0.007201811246527301
531481.0,56.103382,56.657669,0.0008196071533133065
531482.0,59.0,63.0,0.005481408453332115
531483.0,59.0,63.0,0.005481408453332115
531484.0,58.737624,63.0,0.00585492771883378
531485.0,59.0,63.0,0.005481408453332115
531486.0,45.321329,61.195885,0.02534094069071058
531487.0,50.965055,45.361613,-0.009659212464655065
531488.0,59.0,63.0,0.005481408453332115
531489.0,59.0,63.0,0.005481408453332115
531490.0,56.82486,63.0,0.008633793073221208
531491.0,59.0,63.0,0.005481408453332115
531492.0,59.0,63.0,0.005481408453332115
531493.0,59.0,62.961292,0.005429912237974621
531494.0,59.0,63.0,0.005481408453332115
531495.0,59.0,63.0,0.005481408453332115
531496.0,50.965055,45.361613,-0.009659212464655065
531497.0,58.703434,62.980721,0.005878078309241586
531498.0,0.44307,1e-05,-0.5899904511831815
531499.0,3.068349,4.303774,0.028597328039971615
531500.0,59.0,63.0,0.005481408453332115
531501.0,59.0,63.0,0.005481408453332115
531502.0,36.523713,40.042284,0.0076939705500749245
531503.0,54.623237,59.364413,0.006960408555558795
531504.0,59.0,63.0,0.005481408453332115
531505.0,57.379751,63.0,0.00781733499493753
531506.0,59.0,63.0,0.005481408453332115
531507.0,59.0,62.639101,0.005000147206507988
531508.0,48.321415,56.059099,0.012454556342864631
531509.0,23.635979,27.623554,0.01307631776742979
531510.0,48.321415,56.059099,0.012454556342864631
531511.0,52.537468,55.387353,0.004411760892774952
531512.0,26.114603,38.081237,0.031934902559719314
531513.0,59.0,62.508944,0.00482595815568021
531514.0,59.0,63.0,0.005481408453332115
531515.0,55.623506,60.320795,0.006778791165383602
531516.0,59.0,63.0,0.005481408453332115
531517.0,58.982108,62.512317,0.004855873864967553
531518.0,59.0,63.0,0.005481408453332115
531519.0,58.592457,63.0,0.006062365390397506
531520.0,50.965055,45.361613,-0.009659212464655065
531521.0,59.0,63.0,0.005481408453332115
531522.0,58.822907,63.0,0.005733320641887474
531523.0,59.0,63.0,0.005481408453332115
531524.0,57.931248,62.432602,0.006255373536871112
531525.0,59.0,63.0,0.005481408453332115
531526.0,59.0,63.0,0.005481408453332115
531527.0,59.0,63.0,0.005481408453332115
531528.0,59.0,63.0,0.005481408453332115
531529.0,59.0,63.0,0.005481408453332115
531530.0,59.0,63.0,0.005481408453332115
531531.0,59.0,63.0,0.005481408453332115
531532.0,59.0,63.0,0.005481408453332115
531533.0,59.0,63.0,0.005481408453332115
531534.0,59.0,63.0,0.005481408453332115
531535.0,59.0,63.0,0.005481408453332115
531536.0,59.0,63.0,0.005481408453332115
531537.0,39.99441,56.850722,0.029741124781511585
531538.0,59.0,63.0,0.005481408453332115
531539.0,58.374055,60.114786,0.0024516927584719017
531540.0,58.822907,63.0,0.005733320641887474
531541.0,58.703434,62.980721,0.005878078309241586
531542.0,59.0,63.0,0.005481408453332115
531543.0,54.624015,61.270037,0.009614029814372982
531544.0,59.0,63.0,0.005481408453332115
531545.0,36.765419,56.909044,0.037078937781569454
531546.0,54.623237,59.364413,0.006960408555558795
531547.0,59.0,63.0,0.005481408453332115
531548.0,59.0,63.0,0.005481408453332115
531549.0,59.0,63.0,0.005481408453332115
531550.0,59.0,63.0,0.005481408453332115
531551.0,59.0,63.0,0.005481408453332115
531552.0,36.707922,29.506279,-0.01803452114416093
531553.0,59.0,63.0,0.005481408453332115
531554.0,56.666072,62.036136,0.007573652763636085
531555.0,59.0,63.0,0.005481408453332115
531556.0,59.0,63.0,0.005481408453332115
531557.0,59.0,63.0,0.005481408453332115
531558.0,59.0,63.0,0.005481408453332115
531559.0,50.965055,45.361613,-0.009659212464655065
531560.0,59.0,63.0,0.005481408453332115
531561.0,59.0,62.508944,0.00482595815568021
531562.0,59.0,63.0,0.005481408453332115
531563.0,59.0,63.0,0.005481408453332115
531564.0,54.623237,59.364413,0.006960408555558795
531565.0,9.064684,11.994679,0.023614266259223804
531566.0,1e-05,1e-05,0.0
531567.0,59.0,62.994981,0.005474732930228932
531568.0,56.82486,63.0,0.008633793073221208
531569.0,59.0,63.0,0.005481408453332115
531570.0,50.965055,45.361613,-0.009659212464655065
531571.0,57.944044,57.468192,-0.0006869451212507816
531572.0,47.90961,52.556409,0.007744076391018151
531573.0,41.964515,54.490797,0.022005922799194444
531574.0,46.038255,54.883902,0.014753389213145951
531575.0,52.08839,56.855963,0.007324948941091813
531576.0,59.0,63.0,0.005481408453332115
531577.0,59.0,62.961292,0.005429912237974621
531578.0,58.703434,62.980721,0.005878078309241586
531579.0,52.08839,56.855963,0.007324948941091813
531580.0,58.801622,62.547348,0.005159464295100724
531581.0,52.62221,61.161151,0.012610004517131568
531582.0,36.88762,49.218655,0.024324181906654196
531583.0,59.0,63.0,0.005481408453332115
531584.0,54.623237,59.364413,0.006960408555558795
531585.0,59.0,63.0,0.005481408453332115
531586.0,58.80562,63.0,0.005757955149363392
531587.0,34.997869,43.263436,0.01782539850659992
531588.0,48.321415,56.059099,0.012454556342864631
531589.0,52.62221,61.161151,0.012610004517131568
531590.0,24.364512,39.807012,0.0417579463661899
531591.0,52.537468,55.387353,0.004411760892774952
531592.0,59.0,63.0,0.005481408453332115
531593.0,54.623237,59.364413,0.006960408555558795
531594.0,50.965055,45.361613,-0.009659212464655065
531595.0,59.0,63.0,0.005481408453332115
531596.0,58.703434,62.980721,0.005878078309241586
531597.0,57.944044,57.468192,-0.0006869451212507816
531598.0,50.965055,45.361613,-0.009659212464655065
531599.0,59.0,63.0,0.005481408453332115
531600.0,59.0,63.0,0.005481408453332115
531601.0,52.08839,56.855963,0.007324948941091813
531602.0,59.0,63.0,0.005481408453332115
531603.0,56.303932,59.631329,0.004796191538501082
531604.0,36.071706,35.332999,-0.00172280156943605
531605.0,59.0,62.639101,0.005000147206507988
531606.0,16.751096,31.024737,0.05270189992801955
531607.0,22.019674,30.567234,0.027709658429665662
531608.0,8.226784,15.995522,0.056973324526550684
531609.0,9.463067,5.222748,-0.04832441068924087
531610.0,59.0,63.0,0.005481408453332115
531611.0,52.537468,55.387353,0.004411760892774952
531612.0,59.0,63.0,0.005481408453332115
531613.0,52.537468,55.387353,0.004411760892774952
531614.0,56.103382,56.657669,0.0008196071533133065
531615.0,59.0,63.0,0.005481408453332115
531616.0,59.0,63.0,0.005481408453332115
531617.0,19.912656,25.041687,0.01928241725890989
531618.0,59.0,63.0,0.005481408453332115
531619.0,19.912656,25.041687,0.01928241725890989
531620.0,59.0,63.0,0.005481408453332115
531621.0,19.912656,25.041687,0.01928241725890989
531622.0,52.537468,55.387353,0.004411760892774952
531623.0,59.0,63.0,0.005481408453332115
531624.0,48.456614,52.824141,0.007217543584727704
531625.0,57.944044,57.468192,-0.0006869451212507816
531626.0,48.456614,52.824141,0.007217543584727704
531627.0,19.912656,25.041687,0.01928241725890989
531628.0,56.103382,56.657669,0.0008196071533133065
531629.0,19.912656,25.041687,0.01928241725890989
531630.0,44.226077,34.326261,-0.020895589550427918
531631.0,58.302113,62.748699,0.006143754955241221
531632.0,59.0,63.0,0.005481408453332115
531633.0,59.0,63.0,0.005481408453332115
531634.0,59.0,63.0,0.005481408453332115
531635.0,59.0,63.0,0.005481408453332115
531636.0,59.0,63.0,0.005481408453332115
531637.0,55.623506,60.320795,0.006778791165383602
531638.0,59.0,63.0,0.005481408453332115
531639.0,58.247815,61.766595,0.004899974413231645
531640.0,59.0,63.0,0.005481408453332115
531641.0,55.623506,60.320795,0.006778791165383602
531642.0,59.0,62.961292,0.005429912237974621
531643.0,58.703434,62.980721,0.005878078309241586
531644.0,59.0,63.0,0.005481408453332115
531645.0,55.344071,54.12461,-0.0018549902354192405
531646.0,48.321415,56.059099,0.012454556342864631
531647.0,59.0,63.0,0.005481408453332115
531648.0,59.0,63.0,0.005481408453332115
531649.0,59.0,63.0,0.005481408453332115
531650.0,58.703434,62.980721,0.005878078309241586
531651.0,59.0,63.0,0.005481408453332115
531652.0,26.114603,38.081237,0.031934902559719314
531653.0,58.247815,61.766595,0.004899974413231645
531654.0,57.245892,61.4605,0.005937457877095431
531655.0,59.0,63.0,0.005481408453332115
531656.0,59.0,63.0,0.005481408453332115
531657.0,59.0,62.639101,0.005000147206507988
531658.0,34.997869,43.263436,0.01782539850659992
531659.0,36.523713,40.042284,0.0076939705500749245
531660.0,26.114603,38.081237,0.031934902559719314
531661.0,59.0,63.0,0.005481408453332115
531662.0,57.963187,62.487252,0.006282524939989154
531663.0,52.62221,61.161151,0.012610004517131568
531664.0,59.0,63.0,0.005481408453332115
531665.0,54.685532,61.697012,0.010103728491472452
531666.0,59.0,63.0,0.005481408453332115
531667.0,59.0,63.0,0.005481408453332115
531668.0,47.90961,52.556409,0.007744076391018151
531669.0,59.0,63.0,0.005481408453332115
531670.0,59.0,63.0,0.005481408453332115
531671.0,58.314717,62.940621,0.006381715335809002
531672.0,54.624015,61.270037,0.009614029814372982
531673.0,59.0,63.0,0.005481408453332115
531674.0,26.114603,38.081237,0.031934902559719314
531675.0,50.965055,45.361613,-0.009659212464655065
531676.0,59.0,63.0,0.005481408453332115
531677.0,59.0,63.0,0.005481408453332115
531678.0,57.944044,57.468192,-0.0006869451212507816
531679.0,59.0,63.0,0.005481408453332115
531680.0,59.0,63.0,0.005481408453332115
531681.0,59.0,63.0,0.005481408453332115
531682.0,59.0,63.0,0.005481408453332115
531683.0,58.737624,63.0,0.00585492771883378
531684.0,44.226077,34.326261,-0.020895589550427918
531685.0,59.0,63.0,0.005481408453332115
531686.0,59.0,63.0,0.005481408453332115
531687.0,59.0,63.0,0.005481408453332115
531688.0,58.374055,60.114786,0.0024516927584719017
531689.0,57.245892,61.4605,0.005937457877095431
531690.0,36.071706,35.332999,-0.00172280156943605
531691.0,57.245892,61.4605,0.005937457877095431
531692.0,59.0,63.0,0.005481408453332115
531693.0,59.0,63.0,0.005481408453332115
531694.0,56.103382,56.657669,0.0008196071533133065
531695.0,24.364512,39.807012,0.0417579463661899
531696.0,55.623506,60.320795,0.006778791165383602
531697.0,50.965055,45.361613,-0.009659212464655065
531698.0,59.0,63.0,0.005481408453332115
531699.0,44.226077,34.326261,-0.020895589550427918
531700.0,29.915388,33.376306,0.009164510153571337
531701.0,41.964515,54.490797,0.022005922799194444
531702.0,12.090778,16.049638,0.02388437663059917
531703.0,34.997869,43.263436,0.01782539850659992
531704.0,34.997869,43.263436,0.01782539850659992
531705.0,31.936733,42.775046,0.024648715156841305
531706.0,55.344071,54.12461,-0.0018549902354192405
531707.0,57.963187,62.487252,0.006282524939989154
531708.0,52.85251,56.869365,0.006122968481866664
531709.0,36.071706,35.332999,-0.00172280156943605
531710.0,36.071706,35.332999,-0.00172280156943605
531711.0,57.963187,62.487252,0.006282524939989154
531712.0,55.344071,54.12461,-0.0018549902354192405
531713.0,57.963187,62.487252,0.006282524939989154
531714.0,56.303932,59.631329,0.004796191538501082
531715.0,56.303932,59.631329,0.004796191538501082
531716.0,54.685532,61.697012,0.010103728491472452
531717.0,41.964515,54.490797,0.022005922799194444
531718.0,54.644601,62.845238,0.011720211968173855
531719.0,59.0,63.0,0.005481408453332115
531720.0,58.678024,62.243332,0.004927612161140571
531721.0,59.0,63.0,0.005481408453332115
531722.0,58.247815,61.766595,0.004899974413231645
531723.0,59.0,63.0,0.005481408453332115
531724.0,59.0,63.0,0.005481408453332115
531725.0,11.982962,19.705762,0.042323239692015235
531726.0,53.230666,62.519619,0.013494046525743375
531727.0,59.0,63.0,0.005481408453332115
531728.0,59.0,63.0,0.005481408453332115
531729.0,50.965055,45.361613,-0.009659212464655065
531730.0,59.0,63.0,0.005481408453332115
531731.0,56.103382,56.657669,0.0008196071533133065
531732.0,59.0,63.0,0.005481408453332115
531733.0,59.0,63.0,0.005481408453332115
531734.0,59.0,63.0,0.005481408453332115
531735.0,59.0,63.0,0.005481408453332115
531736.0,58.989532,63.0,0.005496276237293873
531737.0,59.0,63.0,0.005481408453332115
531738.0,59.0,63.0,0.005481408453332115
531739.0,58.737624,63.0,0.00585492771883378
531740.0,59.0,62.961292,0.005429912237974621
531741.0,53.230666,62.519619,0.013494046525743375
531742.0,58.247815,61.766595,0.004899974413231645
531743.0,36.523713,40.042284,0.0076939705500749245
531744.0,36.523713,40.042284,0.0076939705500749245
531745.0,34.534977,38.126365,0.008278529153250558
531746.0,53.230666,62.519619,0.013494046525743375
531747.0,17.079655,18.16453,0.005145090947340281
531748.0,59.0,63.0,0.005481408453332115
531749.0,36.88762,49.218655,0.024324181906654196
531750.0,54.624015,61.270037,0.009614029814372982
531751.0,1e-05,1e-05,0.0
531752.0,57.07476,62.207403,0.007201811246527301
531753.0,31.469764,41.205175,0.02271554323741154
531754.0,31.469764,41.205175,0.02271554323741154
531755.0,56.096082,60.461792,0.006265015107693728
531756.0,12.090778,16.049638,0.02388437663059917
531757.0,59.0,63.0,0.005481408453332115
531758.0,25.832448,43.960648,0.04530142747011445
531759.0,16.720704,22.869341,0.026439266428347263
531760.0,52.62221,61.161151,0.012610004517131568
531761.0,52.08839,56.855963,0.007324948941091813
531762.0,58.703434,62.980721,0.005878078309241586
531763.0,39.99441,56.850722,0.029741124781511585
531764.0,59.0,63.0,0.005481408453332115
531765.0,59.0,63.0,0.005481408453332115
531766.0,57.379751,63.0,0.00781733499493753
531767.0,39.99441,56.850722,0.029741124781511585
531768.0,59.0,63.0,0.005481408453332115
531769.0,59.0,63.0,0.005481408453332115
531770.0,58.703434,62.980721,0.005878078309241586
531771.0,55.853558,62.923511,0.009981708861107608
531772.0,54.623237,59.364413,0.006960408555558795
531773.0,57.927404,61.789404,0.005392933297564628
531774.0,22.409054,30.6977,0.02657383964523108
531775.0,57.931248,62.432602,0.006255373536871112
531776.0,59.0,63.0,0.005481408453332115
531777.0,36.765419,56.909044,0.037078937781569454
531778.0,56.303932,59.631329,0.004796191538501082
531779.0,57.379751,63.0,0.00781733499493753
531780.0,59.0,63.0,0.005481408453332115
531781.0,57.963187,62.487252,0.006282524939989154
531782.0,52.08839,56.855963,0.007324948941091813
531783.0,58.80562,63.0,0.005757955149363392
531784.0,57.245892,61.4605,0.005937457877095431
531785.0,59.0,63.0,0.005481408453332115
531786.0,28.946316,41.257527,0.029972962848664908
531787.0,53.230666,62.519619,0.013494046525743375
531788.0,59.0,63.0,0.005481408453332115
531789.0,29.915388,33.376306,0.009164510153571337
531790.0,39.99441,56.850722,0.029741124781511585
531791.0,59.0,63.0,0.005481408453332115
531792.0,52.537468,55.387353,0.004411760892774952
531793.0,58.975096,63.0,0.005516784492735072
531794.0,52.537468,55.387353,0.004411760892774952
531795.0,58.822907,63.0,0.005733320641887474
531796.0,59.0,63.0,0.005481408453332115
531797.0,59.0,63.0,0.005481408453332115
531798.0,59.0,63.0,0.005481408453332115
531799.0,56.82486,63.0,0.008633793073221208
531800.0,53.230666,62.519619,0.013494046525743375
531801.0,36.88762,49.218655,0.024324181906654196
531802.0,52.62221,61.161151,0.012610004517131568
531803.0,58.592457,63.0,0.006062365390397506
531804.0,57.409973,63.0,0.007773112703236551
531805.0,59.0,63.0,0.005481408453332115
531806.0,52.08839,56.855963,0.007324948941091813
531807.0,58.822907,63.0,0.005733320641887474
531808.0,58.631852,63.0,0.006006016556875826
531809.0,55.110192,63.0,0.011212397525839135
531810.0,55.994395,61.704678,0.00812517737167573
531811.0,58.703434,62.980721,0.005878078309241586
531812.0,59.0,63.0,0.005481408453332115
531813.0,56.638648,62.926947,0.008812175875273276
531814.0,54.623237,59.364413,0.006960408555558795
531815.0,59.0,63.0,0.005481408453332115
531816.0,0.118187,1.601052,0.24256650953950643
531817.0,58.703434,62.980721,0.005878078309241586
531818.0,58.822907,63.0,0.005733320641887474
531819.0,57.120197,60.601849,0.004942812028755794
531820.0,57.927404,61.789404,0.005392933297564628
531821.0,57.963187,62.487252,0.006282524939989154
531822.0,54.685532,61.697012,0.010103728491472452
531823.0,55.344071,54.12461,-0.0018549902354192405
531824.0,56.303932,59.631329,0.004796191538501082
531825.0,57.120197,60.601849,0.004942812028755794
531826.0,54.941228,60.145123,0.00756986821219785
531827.0,56.303932,59.631329,0.004796191538501082
531828.0,57.963187,62.487252,0.006282524939989154
531829.0,57.927404,61.789404,0.005392933297564628
531830.0,47.90961,52.556409,0.007744076391018151
531831.0,11.982962,19.705762,0.042323239692015235
531832.0,0.849117,3.632257,0.12875776979027242
531833.0,59.0,63.0,0.005481408453332115
531834.0,57.379751,63.0,0.00781733499493753
531835.0,58.970975,63.0,0.005522639918440264
531836.0,57.944044,57.468192,-0.0006869451212507816
531837.0,25.832448,43.960648,0.04530142747011445
531838.0,31.617276,43.261538,0.02647440647321142
531839.0,25.832448,43.960648,0.04530142747011445
531840.0,13.701308,30.568294,0.06915933213682512
531841.0,56.666072,62.036136,0.007573652763636085
531842.0,31.617276,43.261538,0.02647440647321142
531843.0,31.469764,41.205175,0.02271554323741154
531844.0,31.617276,43.261538,0.02647440647321142
531845.0,19.912656,25.041687,0.01928241725890989
531846.0,59.0,63.0,0.005481408453332115
531847.0,56.103382,56.657669,0.0008196071533133065
531848.0,27.359673,36.320328,0.02388985118909237
531849.0,13.701308,30.568294,0.06915933213682512
531850.0,55.623506,60.320795,0.006778791165383602
531851.0,44.226077,34.326261,-0.020895589550427918
531852.0,17.521887,28.602413,0.04168197628136072
531853.0,59.0,63.0,0.005481408453332115
531854.0,56.103382,56.657669,0.0008196071533133065
531855.0,59.0,63.0,0.005481408453332115
531856.0,19.912656,25.041687,0.01928241725890989
531857.0,48.456614,52.824141,0.007217543584727704
531858.0,59.0,63.0,0.005481408453332115
531859.0,56.103382,56.657669,0.0008196071533133065
531860.0,58.302113,62.748699,0.006143754955241221
531861.0,59.0,63.0,0.005481408453332115
531862.0,59.0,63.0,0.005481408453332115
531863.0,44.226077,34.326261,-0.020895589550427918
531864.0,19.912656,25.041687,0.01928241725890989
531865.0,59.0,63.0,0.005481408453332115
531866.0,52.537468,55.387353,0.004411760892774952
531867.0,55.623506,60.320795,0.006778791165383602
531868.0,55.623506,60.320795,0.006778791165383602
531869.0,59.0,63.0,0.005481408453332115
531870.0,58.374055,60.114786,0.0024516927584719017
531871.0,59.0,63.0,0.005481408453332115
531872.0,58.703434,62.980721,0.005878078309241586
531873.0,58.703434,62.980721,0.005878078309241586
531874.0,45.321329,61.195885,0.02534094069071058
531875.0,59.0,62.961292,0.005429912237974621
531876.0,52.08839,56.855963,0.007324948941091813
531877.0,39.99441,56.850722,0.029741124781511585
531878.0,57.944044,57.468192,-0.0006869451212507816
531879.0,50.965055,45.361613,-0.009659212464655065
531880.0,39.99441,56.850722,0.029741124781511585
531881.0,59.0,63.0,0.005481408453332115
531882.0,59.0,62.961292,0.005429912237974621
531883.0,59.0,63.0,0.005481408453332115
531884.0,59.0,63.0,0.005481408453332115
531885.0,57.927404,61.789404,0.005392933297564628
531886.0,45.321329,61.195885,0.02534094069071058
531887.0,59.0,63.0,0.005481408453332115
531888.0,59.0,63.0,0.005481408453332115
531889.0,54.623237,59.364413,0.006960408555558795
531890.0,59.0,63.0,0.005481408453332115
531891.0,59.0,63.0,0.005481408453332115
531892.0,54.623237,59.364413,0.006960408555558795
531893.0,59.0,63.0,0.005481408453332115
531894.0,58.975096,63.0,0.005516784492735072
531895.0,56.148669,61.422559,0.007509237431469584
531896.0,36.765419,56.909044,0.037078937781569454
531897.0,55.853558,62.923511,0.009981708861107608
531898.0,59.0,63.0,0.005481408453332115
531899.0,54.623237,59.364413,0.006960408555558795
531900.0,58.982108,62.512317,0.004855873864967553
531901.0,59.0,63.0,0.005481408453332115
531902.0,58.314717,62.940621,0.006381715335809002
531903.0,59.0,63.0,0.005481408453332115
531904.0,13.863119,19.209559,0.02755411698546517
531905.0,57.723817,62.56236,0.006730377711482438
531906.0,59.0,63.0,0.005481408453332115
531907.0,12.06699,18.018596,0.033975304695218256
531908.0,46.056942,56.862981,0.017718987130210584
531909.0,26.900204,32.688138,0.016372449158294833
531910.0,27.869049,25.667058,-0.006835558753978899
531911.0,59.0,63.0,0.005481408453332115
531912.0,59.0,63.0,0.005481408453332115
531913.0,36.765419,56.909044,0.037078937781569454
531914.0,11.447327,14.033247,0.017117609478032314
531915.0,59.0,63.0,0.005481408453332115
531916.0,57.944044,57.468192,-0.0006869451212507816
531917.0,50.965055,45.361613,-0.009659212464655065
531918.0,59.0,63.0,0.005481408453332115
531919.0,59.0,63.0,0.005481408453332115
531920.0,50.965055,45.361613,-0.009659212464655065
531921.0,59.0,63.0,0.005481408453332115
531922.0,59.0,62.961292,0.005429912237974621
531923.0,59.0,63.0,0.005481408453332115
531924.0,38.309793,43.083587,0.009834422968563183
531925.0,59.0,63.0,0.005481408453332115
531926.0,59.0,63.0,0.005481408453332115
531927.0,54.623237,59.364413,0.006960408555558795
531928.0,59.0,63.0,0.005481408453332115
531929.0,59.0,63.0,0.005481408453332115
531930.0,56.666072,62.036136,0.007573652763636085
531931.0,59.0,63.0,0.005481408453332115
531932.0,32.141611,46.601328,0.031440596999844805
531933.0,37.559729,56.167029,0.034101695446688174
531934.0,58.069229,62.868061,0.006638802993782056
531935.0,41.564829,39.644203,-0.003934706994042192
531936.0,53.726028,51.926395,-0.002835168443371172
531937.0,49.570916,55.389985,0.009292451751537367
531938.0,42.567002,30.228036,-0.028122773650256172
531939.0,55.377795,60.64863,0.007605303300233679
531940.0,32.141611,46.601328,0.031440596999844805
531941.0,56.799403,61.967874,0.007283922508613205
531942.0,59.0,62.069265,0.004235067239349188
531943.0,53.726028,51.926395,-0.002835168443371172
531944.0,59.0,63.0,0.005481408453332115
531945.0,58.950742,61.969384,0.004170191381927202
531946.0,53.924543,56.876739,0.004451607021654258
531947.0,57.021049,61.953319,0.0069373444706555265
531948.0,41.564829,39.644203,-0.003934706994042192
531949.0,57.021049,61.953319,0.0069373444706555265
531950.0,58.950742,61.969384,0.004170191381927202
531951.0,53.726028,51.926395,-0.002835168443371172
531952.0,56.127675,60.924212,0.006856873032310418
531953.0,41.564829,39.644203,-0.003934706994042192
531954.0,53.726028,51.926395,-0.002835168443371172
531955.0,53.726028,51.926395,-0.002835168443371172
531956.0,53.726028,51.926395,-0.002835168443371172
531957.0,58.166221,62.240401,0.005657571583478793
531958.0,59.0,63.0,0.005481408453332115
531959.0,58.950742,61.969384,0.004170191381927202
531960.0,53.726028,51.926395,-0.002835168443371172
531961.0,58.950742,61.969384,0.004170191381927202
531962.0,38.52301,54.125687,0.028743096928112388
531963.0,25.366117,39.07704,0.03666628006385397
531964.0,22.58065,29.771444,0.023305452914776703
531965.0,59.0,63.0,0.005481408453332115
531966.0,59.0,63.0,0.005481408453332115
531967.0,42.469629,52.693071,0.01813707788727381
531968.0,40.941591,49.256182,0.015526675580250782
531969.0,58.665927,62.975527,0.00592473994279219
531970.0,42.187612,57.678011,0.026405044233825725
531971.0,44.225083,61.393233,0.02771095814567004
531972.0,59.0,63.0,0.005481408453332115
531973.0,53.726028,51.926395,-0.002835168443371172
531974.0,35.410569,32.445468,-0.00726097436642581
531975.0,58.868937,62.936304,0.005582993910095313
531976.0,58.950742,61.969384,0.004170191381927202
531977.0,59.0,62.343225,0.004603694718373852
531978.0,58.591557,62.464655,0.005348441205782928
531979.0,58.166221,62.240401,0.005657571583478793
531980.0,55.377795,60.64863,0.007605303300233679
531981.0,56.127675,60.924212,0.006856873032310418
531982.0,59.0,63.0,0.005481408453332115
531983.0,43.683911,60.240825,0.027142698065068638
531984.0,58.665927,62.975527,0.00592473994279219
531985.0,54.747488,61.875936,0.010252185675235559
531986.0,58.830631,62.905386,0.005596362571681279
531987.0,58.166221,62.240401,0.005657571583478793
531988.0,58.678024,62.243332,0.004927612161140571
531989.0,35.410569,32.445468,-0.00726097436642581
531990.0,54.747488,61.875936,0.010252185675235559
531991.0,49.570916,55.389985,0.009292451751537367
531992.0,59.0,62.343225,0.004603694718373852
531993.0,53.726028,51.926395,-0.002835168443371172
531994.0,58.665927,62.975527,0.00592473994279219
531995.0,53.726028,51.926395,-0.002835168443371172
531996.0,36.150392,42.862204,0.014293067867360953
531997.0,58.665927,62.975527,0.00592473994279219
531998.0,58.830631,62.905386,0.005596362571681279
531999.0,42.567002,30.228036,-0.028122773650256172
532000.0,26.671342,41.925074,0.03841052367606723
532001.0,32.141611,46.601328,0.031440596999844805
532002.0,51.045366,58.292789,0.011125064280070207
532003.0,56.799403,61.967874,0.007283922508613205
532004.0,58.662955,62.980292,0.005935329239481257
532005.0,35.410569,32.445468,-0.00726097436642581
532006.0,58.584186,62.493514,0.005397680156051576
532007.0,41.876799,58.113591,0.027681849485309717
532008.0,9.088786,7.203581,-0.01918549360102806
532009.0,45.666204,53.376124,0.013085291517699327
532010.0,57.377638,62.767807,0.0075103681557202595
532011.0,53.924543,56.876739,0.004451607021654258
532012.0,59.0,62.343225,0.004603694718373852
532013.0,32.141611,46.601328,0.031440596999844805
532014.0,20.421039,17.445841,-0.013036315685522992
532015.0,35.410569,32.445468,-0.00726097436642581
532016.0,33.786167,33.851864,0.00016189693288026774
532017.0,0.655036,1.05707,0.04068640585362293
532018.0,0.101296,13.778562,0.5059167592363532
532019.0,8.369042,6.427786,-0.021752368290376523
532020.0,2.337698,17.287742,0.18144222598708448
532021.0,32.141611,46.601328,0.031440596999844805
532022.0,59.0,62.069265,0.004235067239349188
532023.0,26.671342,41.925074,0.03841052367606723
532024.0,12.26528,16.850559,0.026820988392023182
532025.0,37.559729,56.167029,0.034101695446688174
532026.0,53.726028,51.926395,-0.002835168443371172
532027.0,56.941926,62.47821,0.00776213283001459
532028.0,56.799403,61.967874,0.007283922508613205
532029.0,58.868937,62.936304,0.005582993910095313
532030.0,10.901521,17.815679,0.041780618841144035
532031.0,1e-05,11.914131,2.2087695737409314
532032.0,0.101296,13.778562,0.5059167592363532
532033.0,2.337698,17.287742,0.18144222598708448
532034.0,58.868937,62.936304,0.005582993910095313
532035.0,35.410569,32.445468,-0.00726097436642581
532036.0,53.726028,51.926395,-0.002835168443371172
532037.0,58.166221,62.240401,0.005657571583478793
532038.0,12.26528,16.850559,0.026820988392023182
532039.0,2.337698,17.287742,0.18144222598708448
532040.0,1e-05,4.54597,1.961207771217905
532041.0,53.924543,56.876739,0.004451607021654258
532042.0,26.671342,41.925074,0.03841052367606723
532043.0,20.421039,17.445841,-0.013036315685522992
532044.0,58.584186,62.493514,0.005397680156051576
532045.0,45.666204,53.376124,0.013085291517699327
532046.0,18.564849,35.612962,0.055787193031259674
532047.0,37.451215,47.629077,0.02023571147687875
532048.0,26.671342,41.925074,0.03841052367606723
532049.0,41.193348,45.513403,0.008345469809066586
532050.0,58.678024,62.243332,0.004927612161140571
532051.0,58.950742,61.969384,0.004170191381927202
532052.0,43.583904,49.470684,0.010613624438140956
532053.0,37.451215,47.629077,0.02023571147687875
532054.0,1e-05,1.457545,1.6934060480625406
532055.0,,,
532056.0,,,
532057.0,9.437841,12.11901,0.02105595042485775
532058.0,59.0,62.343225,0.004603694718373852
532059.0,59.0,63.0,0.005481408453332115
532060.0,43.977626,57.995525,0.023324939700980263
532061.0,58.678024,62.243332,0.004927612161140571
532062.0,56.799403,61.967874,0.007283922508613205
532063.0,45.666204,53.376124,0.013085291517699327
532064.0,37.451215,47.629077,0.02023571147687875
532065.0,42.156318,45.028261,0.005507255182001236
532066.0,18.564849,35.612962,0.055787193031259674
532067.0,32.141611,46.601328,0.031440596999844805
532068.0,53.295696,49.980903,-0.005336923166106788
532069.0,53.726028,51.926395,-0.002835168443371172
532070.0,41.876799,58.113591,0.027681849485309717
532071.0,14.640985,24.893542,0.045224786231101044
532072.0,35.410569,32.445468,-0.00726097436642581
532073.0,35.410569,32.445468,-0.00726097436642581
532074.0,54.747488,61.875936,0.010252185675235559
532075.0,53.924543,56.876739,0.004451607021654258
532076.0,53.924543,56.876739,0.004451607021654258
532077.0,45.666204,53.376124,0.013085291517699327
532078.0,51.045366,58.292789,0.011125064280070207
532079.0,53.924543,56.876739,0.004451607021654258
532080.0,56.127675,60.924212,0.006856873032310418
532081.0,53.924543,56.876739,0.004451607021654258
532082.0,58.906156,63.0,0.0056147979770961864
532083.0,16.587375,20.260621,0.016809489781802744
532084.0,11.06495,15.667983,0.029410600919648422
532085.0,53.924543,56.876739,0.004451607021654258
532086.0,18.564849,35.612962,0.055787193031259674
532087.0,53.924543,56.876739,0.004451607021654258
532088.0,32.141611,46.601328,0.031440596999844805
532089.0,16.80282,24.846838,0.03313580451238085
532090.0,58.830631,62.905386,0.005596362571681279
532091.0,56.096082,60.461792,0.006265015107693728
532092.0,53.924543,56.876739,0.004451607021654258
532093.0,32.141611,46.601328,0.031440596999844805
532094.0,45.666204,53.376124,0.013085291517699327
532095.0,56.799403,61.967874,0.007283922508613205
532096.0,53.924543,56.876739,0.004451607021654258
532097.0,16.587375,20.260621,0.016809489781802744
532098.0,58.678024,62.243332,0.004927612161140571
532099.0,,,
532100.0,45.666204,53.376124,0.013085291517699327
532101.0,58.678024,62.243332,0.004927612161140571
532102.0,30.007162,40.125469,0.024510152759108506
532103.0,53.781217,54.223695,0.0006830423521262396
532104.0,53.726028,51.926395,-0.002835168443371172
532105.0,32.141611,46.601328,0.031440596999844805
532106.0,53.726028,51.926395,-0.002835168443371172
532107.0,54.747488,61.875936,0.010252185675235559
532108.0,58.868937,62.936304,0.005582993910095313
532109.0,37.451215,47.629077,0.02023571147687875
532110.0,2.760947,9.131056,0.10481249686796867
532111.0,44.250448,48.248259,0.0072338931490532055
532112.0,13.564821,13.351762,-0.0013184125581646722
532113.0,2.920459,0.523304,-0.13348667598875685
532114.0,5.374576,10.374527,0.056335823030012167
532115.0,6.539788,8.85103,0.025539782055065574
532116.0,24.345558,33.757129,0.027611164909792096
532117.0,6.539788,8.85103,0.025539782055065574
532118.0,40.759797,54.749619,0.024894330570758072
532119.0,45.663513,38.831022,-0.013415870232660665
532120.0,22.91729,39.624635,0.04668701042417589
532121.0,22.91729,39.624635,0.04668701042417589
532122.0,8.068911,7.119927,-0.010372584527719941
532123.0,8.249636,3.978946,-0.058953454267522964
532124.0,6.539788,8.85103,0.025539782055065574
532125.0,8.249636,3.978946,-0.058953454267522964
532126.0,35.680638,51.558629,0.031151305041832167
532127.0,6.539788,8.85103,0.025539782055065574
532128.0,43.656618,51.757375,0.014285412388006513
532129.0,5.374576,10.374527,0.056335823030012167
532130.0,39.360755,50.21827,0.02050826706872355
532131.0,29.16488,40.930445,0.02864500777929524
532132.0,33.799416,29.492218,-0.01129547927009733
532133.0,48.285797,50.627245,0.003953830067101816
532134.0,40.759797,54.749619,0.024894330570758072
532135.0,6.539788,8.85103,0.025539782055065574
532136.0,40.02651,48.740499,0.016549475319112217
532137.0,44.250448,48.248259,0.0072338931490532055
532138.0,34.120437,37.848377,0.008678404968894382
532139.0,48.284335,51.404507,0.005231861346198352
532140.0,1e-05,1e-05,0.0
532141.0,5.374576,10.374527,0.056335823030012167
532142.0,34.120437,37.848377,0.008678404968894382
532143.0,39.360755,50.21827,0.02050826706872355
532144.0,13.564821,13.351762,-0.0013184125581646722
532145.0,33.799416,29.492218,-0.01129547927009733
532146.0,39.360755,50.21827,0.02050826706872355
532147.0,7.655051,14.99866,0.057650139448207405
532148.0,13.564821,13.351762,-0.0013184125581646722
532149.0,0.037577,0.344499,0.2027872665252619
532150.0,13.564821,13.351762,-0.0013184125581646722
532151.0,24.345558,33.757129,0.027611164909792096
532152.0,13.564821,13.351762,-0.0013184125581646722
532153.0,13.564821,13.351762,-0.0013184125581646722
532154.0,2.920459,0.523304,-0.13348667598875685
532155.0,2.870143,4.167592,0.03156944930625527
532156.0,8.068911,7.119927,-0.010372584527719941
532157.0,45.663513,38.831022,-0.013415870232660665
532158.0,8.249636,3.978946,-0.058953454267522964
532159.0,45.663513,38.831022,-0.013415870232660665
532160.0,6.539788,8.85103,0.025539782055065574
532161.0,6.539788,8.85103,0.025539782055065574
532162.0,33.356381,43.664187,0.022693598967215678
532163.0,6.539788,8.85103,0.025539782055065574
532164.0,48.285797,50.627245,0.003953830067101816
532165.0,7.655051,14.99866,0.057650139448207405
532166.0,2.870143,4.167592,0.03156944930625527
532167.0,33.799416,29.492218,-0.01129547927009733
532168.0,41.363444,33.618647,-0.017128003356606136
532169.0,45.663513,38.831022,-0.013415870232660665
532170.0,6.539788,8.85103,0.025539782055065574
532171.0,40.02651,48.740499,0.016549475319112217
532172.0,6.539788,8.85103,0.025539782055065574
532173.0,9.687924,18.963377,0.05756502485919546
532174.0,37.597941,40.958392,0.007159460085405689
532175.0,28.316459,37.176111,0.022944530031760557
532176.0,38.086097,50.696056,0.024119515439996464
532177.0,20.078638,33.581522,0.04379171127420012
532178.0,28.316459,37.176111,0.022944530031760557
532179.0,1e-05,2.450162,1.8125455627339124
532180.0,1e-05,1e-05,0.0
532181.0,3.095883,11.264525,0.11363796656581271
532182.0,11.593054,8.546572,-0.025086296921970064
532183.0,38.397177,51.984037,0.025567443118802657
532184.0,31.26613,35.17148,0.009856603113899132
532185.0,1e-05,1e-05,0.0
532186.0,15.959972,39.491705,0.07842383992290003
532187.0,28.316459,37.176111,0.022944530031760557
532188.0,3.095883,11.264525,0.11363796656581271
532189.0,1e-05,1e-05,0.0
532190.0,28.316459,37.176111,0.022944530031760557
532191.0,28.316459,37.176111,0.022944530031760557
532192.0,1e-05,1.4e-05,0.028436155726361267
532193.0,28.316459,37.176111,0.022944530031760557
532194.0,28.316459,37.176111,0.022944530031760557
532195.0,1e-05,1e-05,0.0
532196.0,4.253394,3.866287,-0.007920353845948691
532197.0,14.551498,13.882499,-0.003914398817913889
532198.0,1e-05,1e-05,0.0
532199.0,37.597941,40.958392,0.007159460085405689
532200.0,28.316459,37.176111,0.022944530031760557
532201.0,34.185069,24.978413,-0.02580918232931484
532202.0,28.316459,37.176111,0.022944530031760557
532203.0,1e-05,1e-05,0.0
532204.0,22.91729,39.624635,0.04668701042417589
532205.0,34.120437,37.848377,0.008678404968894382
532206.0,16.231164,8.161474,-0.05568205085187483
532207.0,34.185069,24.978413,-0.02580918232931484
532208.0,11.276552,6.116132,-0.049705147273114925
532209.0,1e-05,0.81794,1.566808412173883
532210.0,16.231164,8.161474,-0.05568205085187483
532211.0,10.828154,8.207131,-0.0228308552828963
532212.0,29.140316,50.963398,0.04768407677126496
532213.0,1e-05,1e-05,0.0
532214.0,53.329942,52.647377,-0.0010728839869977858
532215.0,10.828154,8.207131,-0.0228308552828963
532216.0,11.593054,8.546572,-0.025086296921970064
532217.0,1e-05,0.962667,1.6018944438818798
532218.0,16.231164,8.161474,-0.05568205085187483
532219.0,3.095883,11.264525,0.11363796656581271
532220.0,16.719408,42.286981,0.08039396286178202
532221.0,1e-05,0.019364,0.8789544681366352
532222.0,1e-05,1e-05,0.0
532223.0,20.078638,33.581522,0.04379171127420012
532224.0,43.166343,53.104894,0.017417275130126253
532225.0,28.316459,37.176111,0.022944530031760557
532226.0,10.828154,8.207131,-0.0228308552828963
532227.0,25.006782,37.836711,0.03511347957678046
532228.0,28.316459,37.176111,0.022944530031760557
532229.0,28.316459,37.176111,0.022944530031760557
532230.0,28.316459,37.176111,0.022944530031760557
532231.0,53.329942,52.647377,-0.0010728839869977858
532232.0,28.316459,37.176111,0.022944530031760557
532233.0,4.373823,8.905554,0.06104379866756737
532234.0,1e-05,2.722536,1.8373601785761688
532235.0,28.316459,37.176111,0.022944530031760557
532236.0,28.316459,37.176111,0.022944530031760557
532237.0,28.316459,37.176111,0.022944530031760557
532238.0,0.567053,3.253525,0.15671812652953077
532239.0,0.567053,3.253525,0.15671812652953077
532240.0,28.316459,37.176111,0.022944530031760557
532241.0,18.005678,44.988734,0.07929754963940328
532242.0,18.005678,44.988734,0.07929754963940328
532243.0,33.68888,35.339452,0.003993967019688016
532244.0,42.584735,57.11711,0.02476910330797888
532245.0,28.316459,37.176111,0.022944530031760557
532246.0,28.316459,37.176111,0.022944530031760557
532247.0,10.828154,8.207131,-0.0228308552828963
532248.0,0.019122,0.861395,0.37342754346781737
532249.0,1.098882,5.93303,0.15087226407576892
532250.0,10.828154,8.207131,-0.0228308552828963
532251.0,28.316459,37.176111,0.022944530031760557
532252.0,28.316459,37.176111,0.022944530031760557
532253.0,38.397177,51.984037,0.025567443118802657
532254.0,10.977824,17.704205,0.04063081137012414
532255.0,28.316459,37.176111,0.022944530031760557
532256.0,1e-05,1e-05,0.0
532257.0,59.0,63.0,0.005481408453332115
532258.0,59.0,62.63521,0.0049949446960846355
532259.0,59.0,62.639101,0.005000147206507988
532260.0,59.0,62.639101,0.005000147206507988
532261.0,58.592457,63.0,0.006062365390397506
532262.0,54.685532,61.697012,0.010103728491472452
532263.0,2.73656,13.345303,0.1411523317654937
532264.0,3.634797,13.348427,0.11449765960627123
532265.0,26.114603,38.081237,0.031934902559719314
532266.0,11.351574,22.051421,0.05689467069526799
532267.0,11.351574,22.051421,0.05689467069526799
532268.0,59.0,62.63521,0.0049949446960846355
532269.0,59.0,63.0,0.005481408453332115
532270.0,59.0,63.0,0.005481408453332115
532271.0,59.0,63.0,0.005481408453332115
532272.0,16.663404,27.63936,0.04307056081197391
532273.0,59.0,62.899646,0.0053478399014197375
532274.0,36.071706,35.332999,-0.00172280156943605
532275.0,59.0,63.0,0.005481408453332115
532276.0,57.927404,61.789404,0.005392933297564628
532277.0,57.927404,61.789404,0.005392933297564628
532278.0,59.0,62.639101,0.005000147206507988
532279.0,59.0,62.63521,0.0049949446960846355
532280.0,54.624015,61.270037,0.009614029814372982
532281.0,31.936733,42.775046,0.024648715156841305
532282.0,50.965055,45.361613,-0.009659212464655065
532283.0,50.965055,45.361613,-0.009659212464655065
532284.0,58.374055,60.114786,0.0024516927584719017
532285.0,56.666072,62.036136,0.007573652763636085
532286.0,59.0,63.0,0.005481408453332115
532287.0,59.0,63.0,0.005481408453332115
532288.0,58.703434,62.980721,0.005878078309241586
532289.0,58.61545,62.931379,0.005938110830059573
532290.0,57.944044,57.468192,-0.0006869451212507816
532291.0,58.970975,63.0,0.005522639918440264
532292.0,58.374055,60.114786,0.0024516927584719017
532293.0,59.0,63.0,0.005481408453332115
532294.0,58.822907,63.0,0.005733320641887474
532295.0,31.535331,41.906972,0.023978270398012924
532296.0,31.535331,41.906972,0.023978270398012924
532297.0,59.0,63.0,0.005481408453332115
532298.0,31.469764,41.205175,0.02271554323741154
532299.0,19.683079,25.70777,0.02250227003612415
532300.0,31.535331,41.906972,0.023978270398012924
532301.0,36.071706,35.332999,-0.00172280156943605
532302.0,52.08839,56.855963,0.007324948941091813
532303.0,59.0,63.0,0.005481408453332115
532304.0,55.853558,62.923511,0.009981708861107608
532305.0,48.321415,56.059099,0.012454556342864631
532306.0,59.0,63.0,0.005481408453332115
532307.0,59.0,63.0,0.005481408453332115
532308.0,50.965055,45.361613,-0.009659212464655065
532309.0,56.103382,56.657669,0.0008196071533133065
532310.0,44.226077,34.326261,-0.020895589550427918
532311.0,59.0,63.0,0.005481408453332115
532312.0,24.371903,20.955013,-0.012508859823844531
532313.0,59.0,63.0,0.005481408453332115
532314.0,59.0,63.0,0.005481408453332115
532315.0,48.321415,56.059099,0.012454556342864631
532316.0,58.247815,61.766595,0.004899974413231645
532317.0,59.0,63.0,0.005481408453332115
532318.0,59.0,63.0,0.005481408453332115
532319.0,53.726028,51.926395,-0.002835168443371172
532320.0,42.187612,57.678011,0.026405044233825725
532321.0,32.141611,46.601328,0.031440596999844805
532322.0,32.141611,46.601328,0.031440596999844805
532323.0,58.950742,61.969384,0.004170191381927202
532324.0,56.799403,61.967874,0.007283922508613205
532325.0,7.655051,14.99866,0.057650139448207405
532326.0,0.774026,3.757945,0.1407301121249842
532327.0,0.867097,3.033707,0.11000643326448123
532328.0,14.340247,21.07307,0.03259717247529892
532329.0,1e-05,1e-05,0.0
532330.0,1e-05,1e-05,0.0
532331.0,1e-05,1e-05,0.0
532332.0,1e-05,1e-05,0.0
532333.0,1e-05,1e-05,0.0
532334.0,1.831288,1.661096,-0.008095546374689122
532335.0,5.295454,4.740495,-0.00918317108652389
532336.0,52.08839,56.855963,0.007324948941091813
532337.0,59.0,63.0,0.005481408453332115
532338.0,56.82486,63.0,0.008633793073221208
532339.0,58.61545,62.931379,0.005938110830059573
532340.0,52.08839,56.855963,0.007324948941091813
532341.0,59.0,63.0,0.005481408453332115
532342.0,59.0,62.899646,0.0053478399014197375
532343.0,59.0,63.0,0.005481408453332115
532344.0,57.944044,57.468192,-0.0006869451212507816
532345.0,2.654631,6.230961,0.0736908183863687
532346.0,59.0,63.0,0.005481408453332115
532347.0,2.654631,6.230961,0.0736908183863687
532348.0,1e-05,1e-05,0.0
532349.0,1e-05,0.082108,1.1193309939433185
532350.0,1e-05,1e-05,0.0
532351.0,0.180818,2.07235,0.22537341439757252
532352.0,2.654631,6.230961,0.0736908183863687
532353.0,54.685532,61.697012,0.010103728491472452
532354.0,34.997869,43.263436,0.01782539850659992
532355.0,2.562998,10.816108,0.12748358829290507
532356.0,47.90961,52.556409,0.007744076391018151
532357.0,59.0,62.63521,0.0049949446960846355
532358.0,59.0,62.961292,0.005429912237974621
532359.0,57.927404,61.789404,0.005392933297564628
532360.0,59.0,63.0,0.005481408453332115
532361.0,9.973934,14.06273,0.029043172880734325
532362.0,1e-05,0.082108,1.1193309939433185
532363.0,9.973934,14.06273,0.029043172880734325
532364.0,36.071706,35.332999,-0.00172280156943605
532365.0,59.0,63.0,0.005481408453332115
532366.0,59.0,63.0,0.005481408453332115
532367.0,59.0,63.0,0.005481408453332115
532368.0,59.0,63.0,0.005481408453332115
532369.0,4.508218,10.540376,0.07334070465067732
532370.0,59.0,63.0,0.005481408453332115
532371.0,58.822907,63.0,0.005733320641887474
532372.0,59.0,63.0,0.005481408453332115
532373.0,50.965055,45.361613,-0.009659212464655065
532374.0,57.927404,61.789404,0.005392933297564628
532375.0,57.927404,61.789404,0.005392933297564628
532376.0,29.915388,33.376306,0.009164510153571337
532377.0,59.0,63.0,0.005481408453332115
532378.0,54.623237,59.364413,0.006960408555558795
532379.0,31.469764,41.205175,0.02271554323741154
532380.0,29.915388,33.376306,0.009164510153571337
532381.0,31.535331,41.906972,0.023978270398012924
532382.0,9.973934,14.06273,0.029043172880734325
532383.0,57.927404,61.789404,0.005392933297564628
532384.0,59.0,63.0,0.005481408453332115
532385.0,59.0,63.0,0.005481408453332115
532386.0,56.103382,56.657669,0.0008196071533133065
532387.0,56.638648,62.926947,0.008812175875273276
532388.0,59.0,63.0,0.005481408453332115
532389.0,59.0,63.0,0.005481408453332115
532390.0,59.0,63.0,0.005481408453332115
532391.0,59.0,63.0,0.005481408453332115
532392.0,59.0,63.0,0.005481408453332115
532393.0,59.0,63.0,0.005481408453332115
532394.0,59.0,63.0,0.005481408453332115
532395.0,59.0,63.0,0.005481408453332115
532396.0,59.0,63.0,0.005481408453332115
532397.0,59.0,63.0,0.005481408453332115
532398.0,59.0,63.0,0.005481408453332115
532399.0,58.830631,62.905386,0.005596362571681279
532400.0,56.941926,62.47821,0.00776213283001459
532401.0,56.941926,62.47821,0.00776213283001459
532402.0,37.559729,56.167029,0.034101695446688174
532403.0,41.876799,58.113591,0.027681849485309717
532404.0,59.0,63.0,0.005481408453332115
532405.0,40.941591,49.256182,0.015526675580250782
532406.0,58.906156,63.0,0.0056147979770961864
532407.0,32.141611,46.601328,0.031440596999844805
532408.0,58.665927,62.975527,0.00592473994279219
532409.0,37.559729,56.167029,0.034101695446688174
532410.0,52.124997,61.582585,0.0139915191876685
532411.0,32.141611,46.601328,0.031440596999844805
532412.0,58.0,61.455667,0.00483440173810612
532413.0,32.141611,46.601328,0.031440596999844805
532414.0,32.141611,46.601328,0.031440596999844805
532415.0,59.0,62.069265,0.004235067239349188
532416.0,59.0,63.0,0.005481408453332115
532417.0,58.830631,62.905386,0.005596362571681279
532418.0,53.726028,51.926395,-0.002835168443371172
532419.0,41.876799,58.113591,0.027681849485309717
532420.0,37.559729,56.167029,0.034101695446688174
532421.0,56.096082,60.461792,0.006265015107693728
532422.0,57.377638,62.767807,0.0075103681557202595
532423.0,58.830631,62.905386,0.005596362571681279
532424.0,52.124997,61.582585,0.0139915191876685
532425.0,58.584186,62.493514,0.005397680156051576
532426.0,52.124997,61.582585,0.0139915191876685
532427.0,57.377638,62.767807,0.0075103681557202595
532428.0,57.377638,62.767807,0.0075103681557202595
532429.0,56.799403,61.967874,0.007283922508613205
532430.0,58.678024,62.243332,0.004927612161140571
532431.0,52.124997,61.582585,0.0139915191876685
532432.0,57.377638,62.767807,0.0075103681557202595
532433.0,42.187612,57.678011,0.026405044233825725
532434.0,54.747488,61.875936,0.010252185675235559
532435.0,59.0,63.0,0.005481408453332115
532436.0,42.187612,57.678011,0.026405044233825725
532437.0,58.584186,62.493514,0.005397680156051576
532438.0,18.564849,35.612962,0.055787193031259674
532439.0,26.671342,41.925074,0.03841052367606723
532440.0,26.671342,41.925074,0.03841052367606723
532441.0,58.069229,62.868061,0.006638802993782056
532442.0,35.410569,32.445468,-0.00726097436642581
532443.0,35.410569,32.445468,-0.00726097436642581
532444.0,58.906156,63.0,0.0056147979770961864
532445.0,42.187612,57.678011,0.026405044233825725
532446.0,58.678024,62.243332,0.004927612161140571
532447.0,43.353678,49.481696,0.011078523967924303
532448.0,7.655051,14.99866,0.057650139448207405
532449.0,13.564821,13.351762,-0.0013184125581646722
532450.0,13.564821,13.351762,-0.0013184125581646722
532451.0,7.655051,14.99866,0.057650139448207405
532452.0,0.067549,4.925893,0.42967998575588506
532453.0,2.870143,4.167592,0.03156944930625527
532454.0,5.374576,10.374527,0.056335823030012167
532455.0,14.340247,21.07307,0.03259717247529892
532456.0,7.655051,14.99866,0.057650139448207405
532457.0,1e-05,1e-05,0.0
532458.0,7.655051,14.99866,0.057650139448207405
532459.0,5.374576,10.374527,0.056335823030012167
532460.0,26.437601,47.052453,0.0492122490828677
532461.0,1.193482,0.72004,-0.04123597676790214
532462.0,1e-05,0.781011,1.5569452519190854
532463.0,53.329942,52.647377,-0.0010728839869977858
532464.0,10.024973,23.942623,0.0752448627908755
532465.0,55.459097,58.567076,0.0045542506896740775
532466.0,16.231164,8.161474,-0.05568205085187483
532467.0,28.316459,37.176111,0.022944530031760557
532468.0,7.481196,11.183168,0.03406891886613406
532469.0,1e-05,0.81794,1.566808412173883
532470.0,5.523901,16.287695,0.09429516027316143
532471.0,28.316459,37.176111,0.022944530031760557
532472.0,5.523901,16.287695,0.09429516027316143
532473.0,3.095883,11.264525,0.11363796656581271
532474.0,1e-05,2.722536,1.8373601785761688
532475.0,1e-05,0.962667,1.6018944438818798
532476.0,28.316459,37.176111,0.022944530031760557
532477.0,28.316459,37.176111,0.022944530031760557
532478.0,1e-05,1e-05,0.0
532479.0,40.810553,43.686025,0.005690090497880496
532480.0,6.3626,17.203103,0.08641982171284979
532481.0,6.3626,17.203103,0.08641982171284979
532482.0,0.253909,10.730424,0.3661390295993163
532483.0,20.421039,17.445841,-0.013036315685522992
532484.0,6.3626,17.203103,0.08641982171284979
532485.0,20.421039,17.445841,-0.013036315685522992
532486.0,40.810553,43.686025,0.005690090497880496
532487.0,20.421039,17.445841,-0.013036315685522992
532488.0,20.421039,17.445841,-0.013036315685522992
532489.0,,,
532490.0,40.810553,43.686025,0.005690090497880496
532491.0,39.304243,52.771936,0.024857851390242436
532492.0,6.3626,17.203103,0.08641982171284979
532493.0,15.979964,11.615953,-0.02622955866497434
532494.0,1e-05,1e-05,0.0
532495.0,50.20752,51.985427,0.0029040931511659096
532496.0,20.421039,17.445841,-0.013036315685522992
532497.0,38.52301,54.125687,0.028743096928112388
532498.0,40.810553,43.686025,0.005690090497880496
532499.0,8.249636,3.978946,-0.058953454267522964
532500.0,6.539788,8.85103,0.025539782055065574
532501.0,6.539788,8.85103,0.025539782055065574
532502.0,6.539788,8.85103,0.025539782055065574
532503.0,1.887769,0.491599,-0.10606657059511015
532504.0,1.887769,0.491599,-0.10606657059511015
532505.0,2.299278,4.243981,0.05240239780970479
532506.0,0.993071,1.26981,0.02069629170503995
532507.0,8.249636,3.978946,-0.058953454267522964
532508.0,8.249636,3.978946,-0.058953454267522964
532509.0,8.850689,14.7873,0.04370072128855362
532510.0,8.850689,14.7873,0.04370072128855362
532511.0,45.663513,38.831022,-0.013415870232660665
532512.0,45.663513,38.831022,-0.013415870232660665
532513.0,45.663513,38.831022,-0.013415870232660665
532514.0,5.706552,3.134292,-0.04870808378721214
532515.0,1.078652,3.951812,0.11427634307257861
532516.0,1e-05,1.457545,1.6934060480625406
532517.0,1e-05,1.457545,1.6934060480625406
532518.0,1e-05,1.457545,1.6934060480625406
532519.0,1e-05,1.457545,1.6934060480625406
532520.0,,,
532521.0,,,
532522.0,1e-05,1.457545,1.6934060480625406
532523.0,1e-05,1.457545,1.6934060480625406
532524.0,1e-05,1.457545,1.6934060480625406
532525.0,1e-05,1.457545,1.6934060480625406
532526.0,1e-05,1.457545,1.6934060480625406
532527.0,1e-05,1.457545,1.6934060480625406
532528.0,1e-05,1.457545,1.6934060480625406
532529.0,,,
532530.0,,,
532531.0,55.918635,61.18308,0.007525927916607333
532532.0,1e-05,1.457545,1.6934060480625406
532533.0,1e-05,1.457545,1.6934060480625406
532534.0,1e-05,1.457545,1.6934060480625406
532535.0,1e-05,1.457545,1.6934060480625406
532536.0,1e-05,1.457545,1.6934060480625406
532537.0,1e-05,1.457545,1.6934060480625406
532538.0,42.156318,45.028261,0.005507255182001236
532539.0,1e-05,1.457545,1.6934060480625406
532540.0,1e-05,1.457545,1.6934060480625406
532541.0,20.632927,12.092136,-0.043550931678610016
532542.0,,,
532543.0,1e-05,1.457545,1.6934060480625406
532544.0,1e-05,1.457545,1.6934060480625406
532545.0,54.322048,54.111587,-0.00032343473991292004
532546.0,1e-05,1.457545,1.6934060480625406
532547.0,1e-05,1.457545,1.6934060480625406
532548.0,,,
532549.0,42.156318,45.028261,0.005507255182001236
532550.0,59.0,63.0,0.005481408453332115
532551.0,0.204812,2.291725,0.2229271646131452
532552.0,50.965055,45.361613,-0.009659212464655065
532553.0,59.0,62.63521,0.0049949446960846355
532554.0,59.0,62.63521,0.0049949446960846355
532555.0,50.965055,45.361613,-0.009659212464655065
532556.0,59.0,63.0,0.005481408453332115
532557.0,59.0,63.0,0.005481408453332115
532558.0,49.570916,55.389985,0.009292451751537367
532559.0,1e-05,0.857873,1.5770247126528685
532560.0,6.301618,13.952781,0.06848244719057472
532561.0,59.0,63.0,0.005481408453332115
532562.0,1e-05,0.857873,1.5770247126528685
532563.0,2.562998,10.816108,0.12748358829290507
532564.0,56.303932,59.631329,0.004796191538501082
532565.0,0.180818,2.07235,0.22537341439757252
532566.0,7.701636,18.400813,0.07527901085291733
532567.0,2.562998,10.816108,0.12748358829290507
532568.0,1e-05,0.857873,1.5770247126528685
532569.0,4.508218,10.540376,0.07334070465067732
532570.0,0.641539,1.733312,0.0863534303840876
532571.0,57.723817,62.56236,0.006730377711482438
532572.0,57.944044,57.468192,-0.0006869451212507816
532573.0,58.982108,62.512317,0.004855873864967553
532574.0,52.08839,56.855963,0.007324948941091813
532575.0,36.071706,35.332999,-0.00172280156943605
532576.0,34.997869,43.263436,0.01782539850659992
532577.0,52.85251,56.869365,0.006122968481866664
532578.0,34.997869,43.263436,0.01782539850659992
532579.0,52.85251,56.869365,0.006122968481866664
532580.0,36.071706,35.332999,-0.00172280156943605
532581.0,0.204812,2.291725,0.2229271646131452
532582.0,0.641539,1.733312,0.0863534303840876
532583.0,59.0,63.0,0.005481408453332115
532584.0,59.0,62.63521,0.0049949446960846355
532585.0,59.0,63.0,0.005481408453332115
532586.0,34.800813,35.015049,0.0005115634648360512
532587.0,0.641539,1.733312,0.0863534303840876
532588.0,0.204812,2.291725,0.2229271646131452
532589.0,59.0,63.0,0.005481408453332115
532590.0,59.0,63.0,0.005481408453332115
532591.0,59.0,63.0,0.005481408453332115
532592.0,59.0,63.0,0.005481408453332115
532593.0,59.0,63.0,0.005481408453332115
532594.0,59.0,63.0,0.005481408453332115
532595.0,59.0,63.0,0.005481408453332115
532596.0,56.666072,62.036136,0.007573652763636085
532597.0,59.0,63.0,0.005481408453332115
532598.0,59.0,63.0,0.005481408453332115
532599.0,14.340247,21.07307,0.03259717247529892
532600.0,13.564821,13.351762,-0.0013184125581646722
532601.0,13.564821,13.351762,-0.0013184125581646722
532602.0,5.374576,10.374527,0.056335823030012167
532603.0,44.338753,57.05284,0.021232159723060473
532604.0,1e-05,1e-05,0.0
532605.0,44.338753,57.05284,0.021232159723060473
532606.0,1e-05,1e-05,0.0
532607.0,56.650102,48.359688,-0.013099051937265238
532608.0,1.898958,8.64148,0.1345911651724201
532609.0,0.36688,0.015167,-0.23317198510922588
532610.0,6.539788,8.85103,0.025539782055065574
532611.0,45.663513,38.831022,-0.013415870232660665
532612.0,54.623237,59.364413,0.006960408555558795
532613.0,22.409054,30.6977,0.02657383964523108
532614.0,2.654631,6.230961,0.0736908183863687
532615.0,2.654631,6.230961,0.0736908183863687
532616.0,1e-05,0.082108,1.1193309939433185
532617.0,1e-05,0.082108,1.1193309939433185
532618.0,46.038255,54.883902,0.014753389213145951
532619.0,38.762134,58.757667,0.03527264487896953
532620.0,50.965055,45.361613,-0.009659212464655065
532621.0,59.0,63.0,0.005481408453332115
532622.0,59.0,63.0,0.005481408453332115
532623.0,59.0,63.0,0.005481408453332115
532624.0,57.963187,62.487252,0.006282524939989154
532625.0,59.0,63.0,0.005481408453332115
532626.0,59.0,63.0,0.005481408453332115
532627.0,57.944044,57.468192,-0.0006869451212507816
532628.0,56.103382,56.657669,0.0008196071533133065
532629.0,59.0,63.0,0.005481408453332115
532630.0,12.090778,16.049638,0.02388437663059917
532631.0,12.090778,16.049638,0.02388437663059917
532632.0,48.456614,52.824141,0.007217543584727704
532633.0,48.456614,52.824141,0.007217543584727704
532634.0,59.0,63.0,0.005481408453332115
532635.0,55.623506,60.320795,0.006778791165383602
532636.0,59.0,63.0,0.005481408453332115
532637.0,11.982962,19.705762,0.042323239692015235
532638.0,58.830631,62.905386,0.005596362571681279
532639.0,58.069229,62.868061,0.006638802993782056
532640.0,53.871379,59.0,0.007606962785378535
532641.0,0.567053,3.253525,0.15671812652953077
532642.0,28.316459,37.176111,0.022944530031760557
