idstd,NTL_value_2021,FY2017_SPC_NTL,increase_NTL
862417,47,38.672466,0.049963007
862418,35,19.97211,0.150564642
862419,49,39.285858,0.056793077
862420,49,46.024423,0.015785319
862421,41,19.97211,0.196988497
862422,59,52.652205,0.02886611
862423,44,30.210512,0.098559661
862424,42,30.572438,0.082629369
862425,52,42.900261,0.049266609
862427,10,9.201347,0.021026814
862428,61,58.759246,0.009400244
862429,25,11.762903,0.207414462
862430,60,43.584236,0.083192023
862431,17,15.38869,0.025207601
862432,49,40.895278,0.046238576
862433,57,54.949711,0.009200276
862434,31,20.05454,0.115031784
862435,42,32.491129,0.066279653
862436,25,20.05454,0.056651627
862437,52,46,0.031125146
862438,17,15.38869,0.025207601
862439,61,59.1919,0.007550652
862440,40,36.066888,0.026213752
862441,57,51.596683,0.025211026
862442,62,59.666467,0.009637195
862443,62,60.950029,0.004279143
862444,62,61.849242,0.000608821
862445,36,32.822635,0.023369017
862446,61,58.582154,0.010162227
862447,42,25.621017,0.131522597
862448,57,29.842865,0.175597315
862449,60,57.264515,0.011734165
862450,60,54.726541,0.023265455
862451,50,54.299987,-0.020414
862452,46,40.895278,0.029843345
862453,14,9.843412,0.09205772
862454,10,8.068703,0.055113227
862455,14,11.871532,0.042090213
862456,54,53.95882,0.000190739
862457,13,8.931533,0.09838435
862458,16,11.871532,0.077465328
862459,47,18.365628,0.264803383
862460,15,12.067089,0.055898531
862461,58,41.98582,0.08412994
862462,60,56.492318,0.015173947
862463,60,57.540255,0.010519892
862464,13,10.719492,0.049402965
862465,54,29.842865,0.159813905
862466,63,60.776513,0.009023295
862467,51,42.286274,0.047955133
862468,59,54.726541,0.018974939
862469,16,12.549585,0.062606956
862470,55,50.664598,0.020738562
862471,13,9.843412,0.072011446
862472,11,12.209803,-0.025748671
862473,58,42.286274,0.082199038
862474,55,50.811593,0.019999525
862475,58,44.785525,0.06677439
862476,12,9.85511,0.050461022
862477,21,9.40325,0.222461887
862478,40,25.968378,0.114047714
862479,60,58.167673,0.00778384
862480,13,8.369531,0.11637617
862481,61,58.110224,0.012206965
862482,57,49.403325,0.036405405
862483,53,43.170362,0.052622248
862484,60,50.811593,0.0424305
862485,58,42.286274,0.082199038
862486,60,47.882784,0.058017776
862487,53,43.170362,0.052622248
862488,57,51.894198,0.023738445
862489,45,42.549442,0.014097381
862490,61,57.216394,0.01613717
862491,62,58.556027,0.014390146
862492,12,9.708487,0.054404919
862493,60,57.692462,0.009852731
862494,42,21.918868,0.176542967
862495,62,59.82603,0.008963316
862496,61,59.500002,0.006243791
862497,10,8.535907,0.040369427
862498,59,50.664598,0.038811748
862499,56,53.95882,0.009325849
862500,43,21.918868,0.183484525
862501,61,58.582154,0.010162227
862502,62,61.098273,0.003669412
862503,62,59.950853,0.008437717
862504,60,58.759246,0.00523768
862505,55,50.809676,0.020009146
862507,58,51.596683,0.029678282
862508,61,57.917128,0.013049588
862509,52,44.455987,0.039963918
862510,12,8.535213,0.088909334
862511,61,57.917128,0.013049588
862512,60,58.110224,0.008032827
862513,62,62,0
862514,62,61.035105,0.003928997
862515,41,19.97211,0.196988497
862516,59,42.286274,0.086833829
862518,61,56.698532,0.018449514
862519,60,58.167673,0.00778384
862521,61,59.1919,0.007550652
862522,20,13.780901,0.097584829
862523,63,62,0.004008096
862524,30,15.38869,0.181625626
862525,51,45.900047,0.026689833
862526,35,27.730289,0.059932996
862527,59,47.882784,0.053581545
862528,12,9.188101,0.069027485
862529,46,15.581071,0.310811163
862530,53,40.14375,0.071925204
862531,57,54.874032,0.009548054
862532,14,8.933228,0.118870708
862533,52,46,0.031125146
862534,34,20.05454,0.141081208
862535,12,12.271439,-0.005576364
862536,15,12.271439,0.051474976
862537,32,19.97211,0.125075085
862538,47,42.260604,0.026929287
862539,9,,
862540,25,11.762903,0.207414462
862541,11,9.275074,0.043563367
862542,51,36.066888,0.090474153
862543,58,42.286274,0.082199038
862544,61,58.110224,0.012206965
862545,41,32.240099,0.061932402
862546,39,33.259327,0.040609503
862547,15,9.40325,0.123836982
862548,53,49.672271,0.016343381
862549,57,50.266966,0.03192479
862550,51,40.14375,0.061666367
862551,60,56.879748,0.013440828
862552,8,7.815197,0.005859945
862553,61,58.363258,0.011108071
862554,62,61.099924,0.003662632
862555,29,12.578736,0.232225662
862556,62,62,0
862557,29,12.578736,0.232225662
862558,42,33.773598,0.056009901
862559,62,60.776513,0.004995177
862560,47,32.497187,0.096637322
862561,45,36.066888,0.056880684
862562,62,61.913118,0.000350638
862563,33,29.993265,0.024171176
862564,38,15.38869,0.253561041
862565,62,60.292761,0.007005006
862566,44,16.44877,0.278880049
862567,60,58.759246,0.00523768
862568,59,57.818449,0.005070193
862569,60,58.110224,0.008032827
862570,62,62,0
862571,62,62,0
862572,48,35.835053,0.075804351
862573,37,24.5551,0.107936842
862574,62,59.666467,0.009637195
862575,54,53.102753,0.004197604
862576,42,19.97211,0.204221385
862577,18,10.525716,0.143550148
862578,61,53.366516,0.033987399
862579,50,21.918868,0.228960631
862580,33,11.669763,0.296770063
862581,61,55.455391,0.024109785
862582,62,61.849242,0.000608821
862583,11,8.637275,0.062316641
862584,60,58.753785,0.005261037
862585,62,61,0.004073404
862586,63,61.999914,0.004008445
862587,52,29.22619,0.154935644
862588,44,30.210512,0.098559661
862589,61,54.173917,0.030113074
862590,39,30.210512,0.065924956
862591,60,59.1919,0.003395716
862592,62,60.725048,0.005208045
862593,62,57.066712,0.020944678
862594,62,61.991428,3.46E-05
862595,32,32.58579,-0.004524832
862596,40,30.73282,0.068106099
862597,62,59.666467,0.009637195
862598,34,15.576585,0.215490775
862599,63,60.292761,0.011041179
862600,45,32.497187,0.084780041
862601,33,12.578736,0.272680044
862602,40,32.240099,0.055397123
862603,62,61.991428,3.46E-05
862604,62,61.099924,0.003662632
862605,50,41.032719,0.050654505
862606,62,61.000582,0.004071009
862607,59,53.248193,0.025975014
862608,63,62,0.004008096
862609,30,30.572438,-0.004714229
862610,60,56.401084,0.015584233
862611,62,61.017369,0.004001942
862612,63,60.821781,0.008835495
862613,63,62,0.004008096
862614,62,61.895777,0.000420696
862615,63,62,0.004008096
862616,23,16.578997,0.085281489
862617,63,61.632439,0.005501676
862618,62,61.099924,0.003662632
862619,62,60.355399,0.006743632
862620,63,62,0.004008096
862621,21,13.286713,0.121244783
862622,63,61.989669,0.004049925
862623,23,16.106004,0.093163213
862625,62,61.32934,0.002722707
862626,60,55.598482,0.01922972
862627,63,61.435885,0.006304947
862628,60,48.72593,0.053410828
862629,49,39.352544,0.056345087
862630,19,15.491531,0.05236117
862631,9,8.073587,0.02752878
862632,11,7.412829,0.10370288
862633,9,8.005004,0.029722587
862634,7,7.002915,-0.00010408
862635,26,16.106004,0.127188077
862636,16,10.512582,0.110715025
862637,41,20.477741,0.189530146
862638,9,6.352359,0.091005321
862639,8,6.688597,0.045776165
862640,44,32.615726,0.077721152
862641,7,8.366063,-0.043589738
862642,8,8.184582,-0.00568642
862643,38,20.05454,0.173255835
862644,10,8.167149,0.051919196
862645,24,10.172484,0.239355951
862646,8,6.688597,0.045776165
862647,8,7.19711,0.026793147
862648,7,6.688597,0.011441462
862649,10,7.942131,0.059292112
862650,8,7.942131,0.001816627
862651,7,7.209097,-0.007331381
862652,16,16.782764,-0.011869911
862653,63,59.1919,0.015709623
862654,7,6.999046,3.41E-05
862655,9,7.942131,0.031754486
862656,36,17.237675,0.202142505
862657,45,30.206814,0.104782784
862658,26,26.532695,-0.00505747
862659,35,24.857078,0.089317529
862660,17,10.172484,0.136986941
862661,18,16.106004,0.028184791
862662,15,10.28782,0.098859015
862663,18,12.397713,0.097697643
862664,8,6.352359,0.059348213
862665,7,7,0
862666,12,10.937227,0.023454418
862667,37,29.22619,0.060736175
862668,15,10.172484,0.101960585
862669,27,11.235866,0.245057198
862670,9,7.060911,0.062540378
862671,32,20.842367,0.113142424
862672,8,7.346846,0.021520914
862673,7,7.209097,-0.007331381
862674,7,6.688597,0.011441462
862675,44,28.42705,0.115398923
862676,8,8,0
862677,7,6.688597,0.011441462
862678,7,7,0
862679,8,6.352359,0.059348213
862680,20,10.145538,0.184919178
862681,10,8.958292,0.027883031
862682,33,31.163986,0.014414001
862684,20,10.145538,0.184919178
862685,46,17.413696,0.274872398
862686,16,12.56094,0.062366727
862687,55,53.102753,0.008814726
862688,60,58.759246,0.00523768
862689,10,9.779377,0.00559291
862690,13,15.38869,-0.041294044
862691,11,9,0.051447382
862692,8,8.583068,-0.017433714
862693,43,17.25498,0.256430582
862694,7,7.019532,-0.000696357
862695,63,62.018021,0.003935153
862696,10,8.004652,0.057217604
862697,13,16.015839,-0.050820359
862698,9,8.255107,0.021833063
862699,15,9.452202,0.122379088
862700,22,15.38869,0.093465934
862701,29,13.78533,0.204329176
862702,9,7.728295,0.03881857
862703,56,53.466137,0.011643056
862704,38,15.38869,0.253561041
862705,39,33.435124,0.039238954
862706,7,7.330993,-0.01148376
862707,13,10.510774,0.054574252
862708,19,17.910481,0.014872741
862709,43,20.754369,0.19974716
862710,11,9.866583,0.027558315
862711,50,40.325449,0.055231381
862712,8,8.33861,-0.01031023
862714,44,41.736448,0.013291262
862715,47,42.656537,0.024537988
862716,27,15.38869,0.150907786
862717,48,42.286274,0.032191919
862718,57,50.266966,0.03192479
862719,61,59.114333,0.007881005
862720,7,7.178799,-0.00628565
862721,36,15.38869,0.236730902
862722,23,21.927185,0.012013344
862723,30,11.762903,0.263722403
862724,22,18.662219,0.041993116
862725,20,10.145538,0.184919178
862726,50,38.672466,0.066330999
862727,62,61.32934,0.002722707
862728,7,7.198354,-0.006961218
862729,43,30.750143,0.087440063
862730,35,17.237675,0.193705896
862731,11,9.026986,0.050660679
862732,20,12.209803,0.131306636
862733,60,58.759246,0.00523768
862734,36,15.581071,0.232895588
862735,60,55.455391,0.019886562
862736,48,43.208609,0.026638952
862737,14,9.965178,0.088706319
862738,60,57.818449,0.009302161
862739,36,32.822635,0.023369017
862740,59,49.52321,0.044746214
862742,15,9.866583,0.110404265
862743,10,8.933415,0.028597875
862744,60,51.596683,0.038442291
862745,21,13.185855,0.123382747
862746,11,13.185855,-0.044301075
862747,10,8.384043,0.045048932
862748,15,9.050899,0.134618564
862749,15,12.549585,0.045599757
862750,12,12.067089,-0.001392824
862751,12,9.843412,0.050772978
862752,13,10.719492,0.049402965
862753,7,7.66211,-0.022340974
862754,25,20.096262,0.056102769
862755,13,7.82218,0.135413064
862756,14,10.719492,0.069026467
862757,60,57.57731,0.010357268
862758,17,13.127444,0.06676114
862759,59,53.95882,0.02258023
862761,13,9.810271,0.072915667
862762,61,50.811593,0.046747075
862763,34,28.134612,0.048478421
862764,59,57.264515,0.007492
862765,16,10.719492,0.105315969
862766,13,10.719492,0.049402965
862767,20,10.145538,0.184919178
862768,22,22.279647,-0.003152799
862769,14,10.719492,0.069026467
862770,33,20.498175,0.12641827
862771,11,10.313324,0.016245197
862772,35,28.820082,0.049767705
862773,12,8.190999,0.100173281
862774,11,8.930022,0.053501211
862775,60,56.492318,0.015173947
862776,20,13.127444,0.110995898
862777,36,27.149391,0.073088652
862779,20,13.127444,0.110995898
862780,13,12.067089,0.018791257
862781,60,56.492318,0.015173947
862782,15,12.549585,0.045599757
862783,40,19.840359,0.191592103
862784,10,7.985391,0.057854538
862785,32,13.625953,0.237929103
862786,54,42.286274,0.0630375
862787,31,26.111594,0.043835535
862788,14,10.719492,0.069026467
862789,60,57.264515,0.011734165
862790,15,10.719492,0.087625205
862791,21,13.340414,0.1201147
862792,60,57.929653,0.008817438
862793,14,10.719492,0.069026467
862794,10,9.060609,0.024968816
862795,16,11.871532,0.077465328
862796,21,13.340414,0.1201147
862798,60,58.110224,0.008032827
862799,13,9.926246,0.069767943
862800,14,10.719492,0.069026467
862801,11,8.952454,0.052840655
862802,37,20.498175,0.159101938
862803,37,20.498175,0.159101938
862805,29,20.498175,0.090613076
862806,11,8.365112,0.070853921
862807,15,10.719492,0.087625205
862808,21,12.067089,0.148561342
862809,21,20.498175,0.006064963
862810,63,61.7466,0.005036594
862811,25,22.279647,0.02921931
862812,28,20.498175,0.081087159
862813,34,22.279647,0.111456968
862814,15,9.843412,0.111057151
862815,33,20.498175,0.12641827
862816,13,10.04086,0.066702002
862817,55,50.811593,0.019999525
862818,63,61.946986,0.004222834
862819,13,9.843412,0.072011446
862820,37,32.12731,0.035933411
862821,35,41.736448,-0.043052439
862822,11,9,0.051447382
862823,16,10.313324,0.116041464
862824,34,27.149391,0.057863679
862825,10,10.336569,-0.008241576
862826,47,33.435124,0.088864227
862827,12,10.832116,0.025928243
862828,60,56.492318,0.015173947
862829,29,27.730289,0.011255509
862830,43,36.090606,0.044764892
862831,7,7.747767,-0.025054426
862832,36,22.787235,0.121121593
862833,23,19.618186,0.040560287
862834,39,28.42705,0.082263977
862836,50,36.090606,0.084910613
862837,43,47.882784,-0.026530687
862838,50,36.066888,0.085088931
862839,59,41.746287,0.09033145
862840,43,20.754369,0.19974716
862841,54,48.292767,0.028319136
862842,34,15.576585,0.215490775
862843,63,62,0.004008096
862844,50,42.549442,0.041163738
862845,19,15.576585,0.050921647
862846,58,50.811593,0.033632832
862847,58,54.569651,0.015358022
862848,61,59.819725,0.004896551
862849,62,60.937376,0.004331271
862850,13,9.843412,0.072011446
862851,62,62,0
862852,60,57.594654,0.010281195
862853,60,58.759246,0.00523768
862854,55,41.736448,0.071425062
862855,60,50.811593,0.0424305
862856,62,60.292761,0.007005006
862857,57,41.736448,0.081035218
862858,60,56.444387,0.015389393
862859,57,48.72593,0.039988842
862860,61,51.894198,0.041244589
862861,55,41.228069,0.074712806
862862,60,50.811593,0.0424305
862863,62,62,0
862864,52,50.811593,0.005796531
862865,63,61.946986,0.004222834
862866,63,62.018021,0.003935153
862867,51,40.895278,0.056754858
862868,62,60.957417,0.004248712
862869,61,50.811593,0.046747075
862870,61,59.830631,0.004850755
862871,59,56.492318,0.010917359
862872,60,50.811593,0.0424305
862873,55,43.170362,0.062415137
862875,21,21.780601,-0.009082818
862876,62,61,0.004073404
862877,62,61.624247,0.001520898
862878,54,50.811593,0.015331213
862879,18,15.38869,0.039962582
862880,35,40.885297,-0.038110416
862881,62,60.887609,0.004536433
862882,60,50.811593,0.0424305
862883,51,44.455987,0.034927626
862884,53,43.170362,0.052622248
862885,61,59.140828,0.007768104
862886,55,50.811593,0.019999525
862888,62,61.017369,0.004001942
862889,62,61.756423,0.000984584
862890,61,59.52123,0.006154061
862891,55,50.811593,0.019999525
862892,51,35.889994,0.091815354
862893,62,61,0.004073404
862894,61,58.363258,0.011108071
862895,55,50.811593,0.019999525
862896,35,13.625953,0.265975466
862897,62,60.776513,0.004995177
862898,60,56.698532,0.014249632
862899,57,50.811593,0.029148419
862900,58,54.299987,0.016616296
862901,59,50.809676,0.038069418
862902,58,41.98582,0.08412994
862903,50,22.787235,0.21708131
862904,61,59.140828,0.007768104
862905,60,57.818449,0.009302161
862906,59,57.264515,0.007492
862907,53,51.596683,0.006731185
862908,50,40.885297,0.051600325
862909,62,61.435885,0.002287681
862911,54,42.286274,0.0630375
862912,60,57.818449,0.009302161
862913,61,58.738155,0.009490842
862914,38,18.034012,0.204821782
862915,48,43.054462,0.027556635
862916,51,43.054462,0.043249061
862918,61,58.363258,0.011108071
862919,52,40.885297,0.061962171
862920,51,40.885297,0.056819346
862921,54,44.78311,0.047900089
862922,52,31.222164,0.136017668
862923,51,31.222164,0.13051621
862924,46,15.177363,0.319442223
862925,53,43.170362,0.052622248
862926,49,31.222164,0.119265893
862927,60,58.363258,0.006938464
862928,51,40.885297,0.056819346
862929,62,54.173917,0.034309141
862930,48,39.923228,0.047137944
862931,43,40.251622,0.016649538
862932,58,42.286274,0.082199038
862933,54,40.885297,0.072029289
862934,49,31.222164,0.119265893
862935,55,44.78311,0.052718148
862936,50,43.054462,0.038097056
862937,61,57.929653,0.012994826
862938,60,35.175926,0.142816305
862939,50,40.885297,0.051600325
862940,33,25.957485,0.06184917
862941,60,58.110224,0.008032827
862942,26,22.910439,0.032131385
862943,50,40.885297,0.051600325
862944,53,38.462792,0.08344973
862945,62,59.587016,0.00997358
862946,55,38.462792,0.093529418
862947,50,38.462792,0.067781272
862948,37,43.170362,-0.037825133
862949,36,28.794988,0.057417271
862950,50,36.066888,0.085088931
862951,53,45.422812,0.03932282
862952,55,42.286274,0.067925158
862953,44,43.170362,0.004770201
862954,46,20.477741,0.224246713
862955,15,9.17067,0.130895688
862956,51,34.493882,0.102699114
862957,29,13.926596,0.201263428
862958,8,8.098811,-0.003064225
862959,53,46.015651,0.035959017
862960,44,,
862961,28,15.764651,0.154432162
862962,32,24.857078,0.065184838
862963,59,57.080844,0.008301484
862964,14,13.926596,0.001315098
862965,42,30,0.087757306
862966,60,58.167673,0.00778384
862967,60,58.464936,0.006500379
862968,24,13.926596,0.145754485
862969,14,7.687437,0.161680278
862970,40,25.284058,0.121510395
862971,9,8.184582,0.024027221
862972,17,14.960947,0.032458156
862973,60,56.169373,0.016629994
862974,43,20.477741,0.203778556
862975,62,61.624247,0.001520898
862976,63,61.086122,0.007742323
862977,38,24.857078,0.11194519
862978,62,61.32934,0.002722707
862979,59,56.879748,0.009191507
862980,62,61.895777,0.000420696
862981,61,50.811593,0.046747075
862982,57,50.811593,0.029148419
862983,60,50.811593,0.0424305
862984,63,62,0.004008096
862985,63,61,0.008097827
862986,62,61.632439,0.001487617
862987,62,60.957417,0.004248712
862988,53,40.909102,0.066876087
862989,60,56.169373,0.016629994
862990,17,9.325863,0.161956775
862991,50,33.435124,0.105838654
862992,42,27.730289,0.109363119
862993,61,58.877343,0.008893695
862994,58,54.569651,0.015358022
862995,61,60.258217,0.003063413
862996,61,58.167673,0.011956947
862997,50,41.902639,0.045158501
862998,18,20.541579,-0.032480626
862999,50,41.902639,0.045158501
863000,41,26.012218,0.120473573
863001,19,11.377978,0.136768754
863002,62,60.292761,0.007005006
863003,60,54.999869,0.021991771
863004,26,12.578736,0.199041146
863005,62,59.280166,0.011278024
863006,63,61.632439,0.005501676
863007,12,9.325863,0.065057497
863008,33,13.532876,0.249628609
863009,60,50.811593,0.0424305
863010,62,60.957417,0.004248712
863012,61,61.000582,-2.39E-06
863013,9,7.327635,0.052736474
863014,62,59.830631,0.008943918
863015,57,40.125898,0.091723158
863016,24,10.840325,0.219810127
863017,62,60.53774,0.00598469
863018,61,59.483631,0.006313018
863019,41,31.502902,0.068091167
863020,58,50.811593,0.033632832
863021,60,57.692462,0.009852731
863022,12,9.325863,0.065057497
863023,55,41.736448,0.071425062
863024,51,41.073423,0.055607141
863025,14,8.780204,0.12371417
863026,40,25.968378,0.114047714
863027,44,30.696669,0.094183991
863028,19,10.690506,0.154619359
863029,60,58.167673,0.00778384
863030,9,10.512582,-0.038092572
863031,59,57.264515,0.007492
863032,31,15.764651,0.184184394
863033,21,14.459241,0.097787925
863034,56,49.093234,0.033455061
863035,59,57.264515,0.007492
863036,62,60.776513,0.004995177
863037,47,31.071274,0.109008052
863038,13,9.039177,0.095099588
863039,61,58.877343,0.008893695
863040,10,9.069362,0.024721423
863041,10,9.109607,0.023587773
863042,43,12.578736,0.35974623
863043,57,53.466137,0.016129388
863044,14,12.076065,0.037649422
863045,61,54.173917,0.030113074
863046,52,32.307434,0.126354814
863047,52,40.240426,0.066191445
863048,8,7.00009,0.033942985
863049,43,32.822635,0.069852124
863050,12,9.188101,0.069027485
863051,16,14.514429,0.024660529
863052,61,59.789695,0.005022707
863053,26,24.763497,0.012255962
863054,13,9.026986,0.095469135
863055,11,12.209803,-0.025748671
863056,60,58.167673,0.00778384
863057,52,29.22619,0.154935644
863058,58,50.811593,0.033632832
863059,13,9.966342,0.068690359
863060,39,38.01577,0.006410604
863062,55,35.175926,0.118225232
863063,20,11.154801,0.157156348
863064,52,40.885297,0.061962171
863065,42,31.86241,0.071501213
863066,15,12.170897,0.053639802
863067,14,9.262064,0.108804716
863068,63,62,0.004008096
863069,38,35.843627,0.01471227
863070,49,42.656537,0.035267597
863071,53,46.776061,0.031722865
863072,17,9.262064,0.163952576
863073,63,59.1919,0.015709623
863074,43,28.441485,0.108865948
863075,17,9.262064,0.163952576
863076,48,20.05454,0.243818847
863077,51,41.754777,0.051274189
863078,53,44.515345,0.044579579
863079,11,13.102399,-0.042782861
863080,21,11.436687,0.16407179
863081,51,44.702685,0.033496813
863082,22,22.242021,-0.002731484
863083,43,20.477741,0.203778556
863084,42,24.857078,0.140118004
863085,60,54.173917,0.025865095
863086,9,13.102399,-0.089619551
863087,23,15.764651,0.099033344
863088,62,59.413553,0.01070995
863089,9,13.102399,-0.089619551
863090,40,15.764651,0.26210041
863091,62,54.173917,0.034309141
863092,10,10.512499,-0.012417221
863093,9,7.826602,0.035541039
863094,38,13.926596,0.285241247
863095,14,10.690506,0.069750365
863096,60,56.698532,0.014249632
863097,51,44.81904,0.032825392
863098,47,32.240099,0.098817007
863099,28,7.511032,0.389519368
863100,62,60.957417,0.004248712
863101,41,30.696669,0.075036355
863102,61,59.483631,0.006313018
863103,57,41.98582,0.079426446
863104,40,27.01058,0.103142255
863105,43,22.652664,0.173781589
863106,17,9.262064,0.163952576
863107,16,9.232387,0.14736473
863108,11,10.10976,0.021322642
863109,40,22.652664,0.152750122
863110,62,58.363258,0.015226722
863111,14,11.02907,0.061444487
863112,60,57.066712,0.012609739
863113,62,61.849242,0.000608821
863114,43,30.210512,0.092263931
863115,38,28.758334,0.072148564
863116,14,7.940947,0.152295682
863117,47,36.090606,0.068257427
863118,62,61.32934,0.002722707
863119,8,12.578736,-0.106975763
863120,54,46.776061,0.036555423
863121,46,12.317734,0.390134279
863122,43,15.576585,0.288988526
863123,23,13.192455,0.149080762
863124,49,41.073423,0.045102281
863125,51,44.515345,0.034582453
863126,49,45.106568,0.020913799
863127,48,33.62973,0.093023411
863128,61,58.556027,0.010274888
863129,51,45.389491,0.029564871
863131,36,22.652664,0.122782938
863132,45,36.090606,0.056707001
863133,50,25.361858,0.184942385
863134,51,44.420204,0.035135986
863135,47,36.090606,0.068257427
863136,41,30.210512,0.079335453
863137,20,13.076778,0.112070477
863138,53,51.596683,0.006731185
863139,45,25.361858,0.154138323
863140,60,57.264515,0.011734165
863141,54,46.109624,0.040280708
863143,34,25.32035,0.076470922
863144,56,35.889994,0.117644436
863145,62,59.413553,0.01070995
863146,31,20.05454,0.115031784
863148,11,9.232387,0.04476754
863151,53,41.395204,0.06373013
863152,60,57.066712,0.012609739
863153,61,56.698532,0.018449514
863154,48,36.403854,0.071577209
863155,62,60.779179,0.004984156
863156,52,46.071248,0.030726262
863157,47,38.858333,0.048705204
863158,50,37.978975,0.071165783
863159,48,35.843627,0.075740011
863160,53,33.654368,0.120233633
863161,36,15.764651,0.229290527
863162,58,52.652205,0.024478521
863163,52,42.656537,0.05076219
863164,34,15.581071,0.215403276
863165,42,29.22619,0.094886931
863166,50,42.232895,0.043109229
863167,48,35.843627,0.075740011
863168,48,25.361858,0.172910955
863169,56,51.596683,0.020684597
863170,44,32.240099,0.080846642
863171,45,41.073423,0.023087796
863172,44,32.240099,0.080846642
863173,46,29.22619,0.120073203
863174,48,28.929401,0.134946654
863175,36,15.764651,0.229290527
863176,28,18.089688,0.115402821
863177,45,31.313821,0.094886529
863178,62,61.68263,0.001283828
863179,62,60.48139,0.006218925
863180,36,15.764651,0.229290527
863181,42,30.696669,0.081532339
863182,46,29.22619,0.120073203
863183,27,20.477741,0.071569712
863184,61,57.080844,0.016739889
863185,50,29.22619,0.143666632
863186,47,32.240099,0.098817007
863187,44,37.111532,0.04348437
863188,57,51.596683,0.025211026
863189,19,20.477741,-0.018550657
863190,46,,
863191,62,61.895777,0.000420696
863192,49,44.515345,0.024286819
863193,54,46.776061,0.036555423
863194,45,15.576585,0.303722216
863195,40,27.01058,0.103142255
863196,57,51.596683,0.025211026
863197,45,40.299735,0.027963231
863198,51,44.702685,0.033496813
863199,43,20.477741,0.203778556
863200,61,59.830631,0.004850755
863201,52,41.412662,0.058565045
863202,39,,
863203,30,20.477741,0.10017001
863204,50,44.81904,0.027724864
863205,57,41.98582,0.079426446
863206,20,,
863207,39,30.210512,0.065924956
863208,61,60.81094,0.00077634
863209,42,24.444808,0.144895017
863210,50,40.325449,0.055231381
863211,45,,
863212,50,42.260604,0.042938203
863213,63,58.011588,0.020837109
863214,39,,
863215,62,59.666467,0.009637195
863216,62,54.173917,0.034309141
863217,30,19.141484,0.118887475
863218,63,61.946986,0.004222834
863219,44,33.09198,0.073822454
863220,38,32.240099,0.041949828
863221,53,44.81904,0.04280554
863222,35,31.05697,0.030332124
863223,30,20.477741,0.10017001
863224,62,61.895777,0.000420696
863225,45,20.477741,0.217538259
863226,19,,
863227,43,15.576585,0.288988526
863228,43,,
863229,44,33.467347,0.07079873
863230,50,44.493287,0.029600817
863231,52,40.14375,0.066832779
863232,37,20.477741,0.159390986
863234,37,20.477741,0.159390986
863235,47,33.081454,0.091762862
863236,43,20.477741,0.203778556
863237,30,14.761445,0.193982869
863238,39,20.477741,0.174750505
863239,45,,
863240,39,20.477741,0.174750505
863241,37,20.477741,0.159390986
863242,8,8.440714,-0.013316875
863243,60,57.818449,0.009302161
863244,39,,
863245,63,62,0.004008096
863246,51,41.254464,0.054447124
863247,63,61.997529,0.0040181
863248,44,22.910439,0.177212368
863249,47,20.477741,0.230846664
863250,31,28.713657,0.019338192
863251,48,34.851723,0.083313726
863252,30,20.477741,0.10017001
863253,62,60.779179,0.004984156
863254,40,13.816221,0.304420694
863255,38,33.62973,0.031015167
863256,42,20.477741,0.196717966
863258,63,60.776513,0.009023295
863260,54,46.776061,0.036555423
863261,34,20.477741,0.135139452
863262,44,33.09198,0.073822454
863263,63,61.997529,0.0040181
863264,63,62.018021,0.003935153
863265,46,29.22619,0.120073203
863266,60,57.393778,0.011164023
863269,58,51.596683,0.029678282
863270,45,29.326775,0.112979209
863271,61,57.828986,0.013435386
863272,28,13.001675,0.211405891
863273,21,,
863274,62,58.011588,0.016761829
863275,55,51.596683,0.016097135
863276,43,30.750143,0.087440063
863277,62,60.937376,0.004331271
863278,41,38.509024,0.015793282
863279,62,61.035105,0.003928997
863280,11,7.412829,0.10370288
863281,63,62.018021,0.003935153
863282,19,15.72583,0.048419298
863283,57,39.393975,0.096759141
863284,63,61.086122,0.007742323
863285,63,61.997529,0.0040181
863286,62,59.950853,0.008437717
863287,35,,
863288,43,22.652664,0.173781589
863289,46,20.477741,0.224246713
863290,42,15.764651,0.277589202
863291,28,13.926596,0.190771039
863292,20,15.576585,0.064484732
863293,32,18.130381,0.152618967
863294,63,62,0.004008096
863295,23,9.158794,0.258845368
863296,60,57.828986,0.009256182
863297,63,62,0.004008096
863298,62,60.957417,0.004248712
863299,63,62,0.004008096
863300,62,60.073249,0.007923665
863301,62,61.913118,0.000350638
863302,60,57.542178,0.010511449
863303,45,33.408213,0.077307831
863304,60,54.999869,0.021991771
863305,61,58.025308,0.012577086
863306,61,59.140828,0.007768104
863307,44,30,0.100481777
863308,62,60.099634,0.007813022
863310,31,15.764651,0.184184394
863311,62,61.849242,0.000608821
863312,10,8,0.057371263
863313,62,59.1919,0.011654813
863314,62,60.776513,0.004995177
863316,62,62,0
863317,62,60.81094,0.004852907
863318,18,7.843844,0.230795471
863319,31,18.778232,0.133513634
863320,61,58.025308,0.012577086
863321,62,60.023022,0.008134455
863322,44,31.86241,0.084035522
863323,58,30.992163,0.169617955
863324,38,28.758334,0.072148564
863325,50,40.167945,0.05626429
863326,46,20.477741,0.224246713
863327,14,10.493146,0.074745363
863328,63,61.946986,0.004222834
863329,8,7.453116,0.01785995
863330,39,31.132988,0.057939788
863331,61,58.464936,0.010668172
863332,19,11.377978,0.136768754
863333,18,10.690506,0.139117597
863334,46,13.816221,0.350803384
863335,62,60.821781,0.004808127
863337,62,58.025308,0.016701721
863338,63,61.086122,0.007742323
863339,62,61.895777,0.000420696
863340,62,60.725048,0.005208045
863341,60,42.286274,0.091410073
863343,62,60.725048,0.005208045
863344,12,9.452202,0.061480604
863345,55,43.584236,0.059883944
863346,61,58.556027,0.010274888
863348,62,60.023022,0.008134455
863349,61,57.692462,0.014034406
863350,62,61,0.004073404
863351,43,,
863352,62,61.32934,0.002722707
863353,37,,
863354,11,9.852817,0.027917044
863355,61,58.167673,0.011956947
863356,63,62,0.004008096
863357,42,30.696669,0.081532339
863358,49,38.672466,0.060958883
863359,61,58.582154,0.010162227
863360,10,8.901373,0.029522281
863361,61,59.145553,0.007747976
863362,34,24.518738,0.085163558
863363,62,61.32934,0.002722707
863364,58,53.95882,0.018219447
863365,62,60.957417,0.004248712
863366,62,60.073249,0.007923665
863367,42,32.491129,0.066279653
863368,60,57.066712,0.012609739
863369,62,62,0
863370,21,14.830215,0.090857349
863371,46,20.477741,0.224246713
863372,62,61.849242,0.000608821
863373,42,24.857078,0.140118004
863374,58,50.664598,0.034381747
863375,16,9.452202,0.14063514
863376,52,41.073423,0.060744067
863377,11,7.843844,0.088218073
863378,47,20.477741,0.230846664
863379,17,9.232387,0.164886816
863380,62,58.631193,0.014064874
863381,49,41.902639,0.039893051
863382,43,25.047474,0.144659008
863383,37,24.444808,0.109184452
863384,41,20.477741,0.189530146
863385,39,32.822635,0.04405359
863386,62,60.887609,0.004536433
863387,44,20.477741,0.210717048
863388,61,57.216394,0.01613717
863389,62,61.756423,0.000984584
863390,62,61.632439,0.001487617
863391,60,58.110224,0.008032827
863392,13,9.232387,0.089324667
863393,45,33.62973,0.075529392
863394,59,53.248193,0.025975014
863395,11,9.232387,0.04476754
863396,62,60.53774,0.00598469
863397,43,,
863398,63,61.946986,0.004222834
863399,62,60.910789,0.004440848
863400,52,44.515345,0.039617066
863401,10,9.060609,0.024968816
863402,28,22.548375,0.0556275
863403,12,9.72448,0.053971129
863404,61,59.500002,0.006243791
863405,60,54.726541,0.023265455
863406,42,17.413696,0.246205269
863407,61,59.302712,0.007079649
863408,14,9.72448,0.095381526
863409,63,58.011588,0.020837109
863410,17,14.514429,0.040308726
863411,48,21.231443,0.226211631
863412,63,54.874032,0.035126482
863413,62,61.913118,0.000350638
863414,60,57.264515,0.011734165
